Journal Data Filtered By:  Selected Categories: Multiple Selected Editions: SCIE;SSCI;AHCI;ESCI Selected JCR Year: 2021 Selected Category Schema: WOS Selected Open Access: N Indicator: Default,,,,,,,,,
,,,,,,,,,
Journal name,JCR Abbreviation,ISSN,eISSN,Category,Total Citations,2021 JIF,JIF Quartile,2021 JCI,% of OA Gold
Lancet Digital Health,LANCET DIGIT HEALTH,N/A,2589-7500,MEDICAL INFORMATICS - SCIE,"3,373",36.615,Q1,4.79,95.17%
IEEE Communications Surveys and Tutorials,IEEE COMMUN SURV TUT,N/A,1553-877X,"COMPUTER SCIENCE, INFORMATION SYSTEMS - SCIE","26,129",33.84,Q1,8.42,15.36%
RADIOLOGY,RADIOLOGY,0033-8419,N/A,"RADIOLOGY, NUCLEAR MEDICINE & MEDICAL IMAGING - SCIE","76,067",29.146,Q1,5.6,5.63%
Science Robotics,SCI ROBOT,2470-9476,2470-9476,ROBOTICS - SCIE,"6,762",27.541,Q1,6.07,0.53%
Nature Machine Intelligence,NAT MACH INTELL,N/A,2522-5839,"COMPUTER SCIENCE, ARTIFICIAL INTELLIGENCE - SCIE; COMPUTER SCIENCE, INTERDISCIPLINARY APPLICATIONS - SCIE","4,060",25.898,Q1,3.92,3.77%
IEEE TRANSACTIONS ON PATTERN ANALYSIS AND MACHINE INTELLIGENCE,IEEE T PATTERN ANAL,0162-8828,1939-3539,"COMPUTER SCIENCE, ARTIFICIAL INTELLIGENCE - SCIE","73,149",24.314,Q1,4.71,7.75%
IEEE Transactions on Cybernetics,IEEE T CYBERNETICS,2168-2267,2168-2275,"AUTOMATION & CONTROL SYSTEMS - SCIE; COMPUTER SCIENCE, ARTIFICIAL INTELLIGENCE - SCIE; COMPUTER SCIENCE, CYBERNETICS - SCIE","38,676",19.118,Q1,3.21,2.59%
INTERNATIONAL JOURNAL OF INFORMATION MANAGEMENT,INT J INFORM MANAGE,0268-4012,1873-4707,INFORMATION SCIENCE & LIBRARY SCIENCE - SSCI,"17,621",18.958,Q1,5.51,9.19%
Information Fusion,INFORM FUSION,1566-2535,1872-6305,"COMPUTER SCIENCE, ARTIFICIAL INTELLIGENCE - SCIE; COMPUTER SCIENCE, THEORY & METHODS - SCIE","13,268",17.564,Q1,4.23,6.81%
IEEE TRANSACTIONS ON EVOLUTIONARY COMPUTATION,IEEE T EVOLUT COMPUT,1089-778X,1941-0026,"COMPUTER SCIENCE, ARTIFICIAL INTELLIGENCE - SCIE; COMPUTER SCIENCE, THEORY & METHODS - SCIE","20,841",16.497,Q1,3.55,5.86%
JACC-Cardiovascular Imaging,JACC-CARDIOVASC IMAG,1936-878X,1876-7591,"RADIOLOGY, NUCLEAR MEDICINE & MEDICAL IMAGING - SCIE","17,107",16.051,Q1,3.26,11.40%
npj Digital Medicine,NPJ DIGIT MED,2398-6352,2398-6352,MEDICAL INFORMATICS - SCIE,"5,167",15.357,Q1,3.53,99.48%
JOURNAL OF STRATEGIC INFORMATION SYSTEMS,J STRATEGIC INF SYST,0963-8687,1873-1198,"COMPUTER SCIENCE, INFORMATION SYSTEMS - SCIE; INFORMATION SCIENCE & LIBRARY SCIENCE - SSCI","3,271",14.682,Q1,2.61,17.74%
ACM COMPUTING SURVEYS,ACM COMPUT SURV,0360-0300,1557-7341,"COMPUTER SCIENCE, THEORY & METHODS - SCIE","14,992",14.324,Q1,4.16,0.22%
IEEE Transactions on Neural Networks and Learning Systems,IEEE T NEUR NET LEAR,2162-237X,2162-2388,"COMPUTER SCIENCE, ARTIFICIAL INTELLIGENCE - SCIE; COMPUTER SCIENCE, HARDWARE & ARCHITECTURE - SCIE; COMPUTER SCIENCE, THEORY & METHODS - SCIE","49,190",14.255,Q1,3.01,2.98%
COMMUNICATIONS OF THE ACM,COMMUN ACM,0001-0782,1557-7317,"COMPUTER SCIENCE, HARDWARE & ARCHITECTURE - SCIE; COMPUTER SCIENCE, SOFTWARE ENGINEERING - SCIE; COMPUTER SCIENCE, THEORY & METHODS - SCIE","26,575",14.065,Q1,3.49,0%
ARTIFICIAL INTELLIGENCE,ARTIF INTELL,0004-3702,1872-7921,"COMPUTER SCIENCE, ARTIFICIAL INTELLIGENCE - SCIE","14,899",14.05,Q1,0.78,14.24%
BRIEFINGS IN BIOINFORMATICS,BRIEF BIOINFORM,1467-5463,1477-4054,MATHEMATICAL & COMPUTATIONAL BIOLOGY - SCIE,"15,191",13.994,Q1,2.96,22.85%
IEEE Transactions on Affective Computing,IEEE T AFFECT COMPUT,1949-3045,1949-3045,"COMPUTER SCIENCE, ARTIFICIAL INTELLIGENCE - SCIE; COMPUTER SCIENCE, CYBERNETICS - SCIE","4,522",13.99,Q1,1.79,2.19%
MEDICAL IMAGE ANALYSIS,MED IMAGE ANAL,1361-8415,1361-8423,"COMPUTER SCIENCE, ARTIFICIAL INTELLIGENCE - SCIE; COMPUTER SCIENCE, INTERDISCIPLINARY APPLICATIONS - SCIE; RADIOLOGY, NUCLEAR MEDICINE & MEDICAL IMAGING - SCIE","16,080",13.828,Q1,2.52,19.09%
INTERNATIONAL JOURNAL OF COMPUTER VISION,INT J COMPUT VISION,0920-5691,1573-1405,"COMPUTER SCIENCE, ARTIFICIAL INTELLIGENCE - SCIE","23,067",13.369,Q1,2.92,21.04%
Foundations and Trends in Information Retrieval,FOUND TRENDS INF RET,1554-0669,1554-0677,"COMPUTER SCIENCE, INFORMATION SYSTEMS - SCIE",589,13.286,Q1,3.57,0%
IEEE WIRELESS COMMUNICATIONS,IEEE WIREL COMMUN,1536-1284,1558-0687,"COMPUTER SCIENCE, HARDWARE & ARCHITECTURE - SCIE; COMPUTER SCIENCE, INFORMATION SYSTEMS - SCIE","9,679",12.777,Q1,3.34,0%
IEEE TRANSACTIONS ON FUZZY SYSTEMS,IEEE T FUZZY SYST,1063-6706,1941-0034,"COMPUTER SCIENCE, ARTIFICIAL INTELLIGENCE - SCIE","25,583",12.253,Q1,2.87,1.75%
Annual Review of Control Robotics and Autonomous Systems,ANNU REV CONTR ROBOT,2573-5144,2573-5144,AUTOMATION & CONTROL SYSTEMS - SCIE; ROBOTICS - SCIE,747,11.943,Q1,0.66,0%
Journal of Industrial Information Integration,J IND INF INTEGR,2467-964X,2452-414X,"COMPUTER SCIENCE, INTERDISCIPLINARY APPLICATIONS - SCIE","1,826",11.718,Q1,1.87,6.84%
IEEE Transactions on Industrial Informatics,IEEE T IND INFORM,1551-3203,1941-0050,"AUTOMATION & CONTROL SYSTEMS - SCIE; COMPUTER SCIENCE, INTERDISCIPLINARY APPLICATIONS - SCIE","37,957",11.648,Q1,2.51,4.03%
Wiley Interdisciplinary Reviews-Computational Molecular Science,WIRES COMPUT MOL SCI,1759-0876,1759-0884,MATHEMATICAL & COMPUTATIONAL BIOLOGY - SCIE,"9,679",11.5,Q1,2.78,17.24%
IEEE Transactions on Systems Man Cybernetics-Systems,IEEE T SYST MAN CY-S,2168-2216,2168-2232,"AUTOMATION & CONTROL SYSTEMS - SCIE; COMPUTER SCIENCE, CYBERNETICS - SCIE","26,377",11.471,Q1,2.46,2.02%
COMPUTERS IN INDUSTRY,COMPUT IND,0166-3615,1872-6194,"COMPUTER SCIENCE, INTERDISCIPLINARY APPLICATIONS - SCIE","7,928",11.245,Q1,1.83,10.20%
COMPUTERS & EDUCATION,COMPUT EDUC,0360-1315,1873-782X,"COMPUTER SCIENCE, INTERDISCIPLINARY APPLICATIONS - SCIE","25,968",11.182,Q1,3.75,11.44%
JOURNAL OF NUCLEAR MEDICINE,J NUCL MED,0161-5505,1535-5667,"RADIOLOGY, NUCLEAR MEDICINE & MEDICAL IMAGING - SCIE","35,215",11.082,Q1,2.58,10.06%
IEEE TRANSACTIONS ON IMAGE PROCESSING,IEEE T IMAGE PROCESS,1057-7149,1941-0042,"COMPUTER SCIENCE, ARTIFICIAL INTELLIGENCE - SCIE","67,579",11.041,Q1,2.19,4.93%
IEEE TRANSACTIONS ON MEDICAL IMAGING,IEEE T MED IMAGING,0278-0062,1558-254X,"COMPUTER SCIENCE, INTERDISCIPLINARY APPLICATIONS - SCIE; RADIOLOGY, NUCLEAR MEDICINE & MEDICAL IMAGING - SCIE","32,367",11.037,Q1,2.61,11.82%
IEEE Transactions on Services Computing,IEEE T SERV COMPUT,1939-1374,1939-1374,"COMPUTER SCIENCE, INFORMATION SYSTEMS - SCIE; COMPUTER SCIENCE, SOFTWARE ENGINEERING - SCIE","4,592",11.019,Q1,3.02,1.28%
Journal of Big Data,J BIG DATA-GER,N/A,2196-1115,"COMPUTER SCIENCE, THEORY & METHODS - SCIE","4,096",10.835,Q1,2.22,99.47%
CLINICAL NUCLEAR MEDICINE,CLIN NUCL MED,0363-9762,1536-0229,"RADIOLOGY, NUCLEAR MEDICINE & MEDICAL IMAGING - SCIE","6,843",10.782,Q1,0.97,6.61%
ANNUAL REVIEWS IN CONTROL,ANNU REV CONTROL,1367-5788,1872-9088,AUTOMATION & CONTROL SYSTEMS - SCIE,"3,752",10.699,Q1,0.99,12.57%
ACM Transactions on Intelligent Systems and Technology,ACM T INTEL SYST TEC,2157-6904,2157-6912,"COMPUTER SCIENCE, ARTIFICIAL INTELLIGENCE - SCIE; COMPUTER SCIENCE, INFORMATION SYSTEMS - SCIE","5,126",10.489,Q1,2.24,0%
INFORMATION & MANAGEMENT,INFORM MANAGE-AMSTER,0378-7206,1872-7530,"COMPUTER SCIENCE, INFORMATION SYSTEMS - SCIE; INFORMATION SCIENCE & LIBRARY SCIENCE - SSCI","13,322",10.328,Q1,2.5,6.90%
IEEE NETWORK,IEEE NETWORK,0890-8044,1558-156X,"COMPUTER SCIENCE, HARDWARE & ARCHITECTURE - SCIE; COMPUTER SCIENCE, INFORMATION SYSTEMS - SCIE","8,874",10.294,Q1,2.89,0%
Swarm and Evolutionary Computation,SWARM EVOL COMPUT,2210-6502,2210-6510,"COMPUTER SCIENCE, ARTIFICIAL INTELLIGENCE - SCIE; COMPUTER SCIENCE, THEORY & METHODS - SCIE","7,569",10.267,Q1,2.13,2.45%
IEEE Internet of Things Journal,IEEE INTERNET THINGS,2327-4662,2327-4662,"COMPUTER SCIENCE, INFORMATION SYSTEMS - SCIE","34,730",10.238,Q1,2.77,4.74%
ROBOTICS AND COMPUTER-INTEGRATED MANUFACTURING,ROBOT CIM-INT MANUF,0736-5845,1879-2537,"COMPUTER SCIENCE, INTERDISCIPLINARY APPLICATIONS - SCIE; ROBOTICS - SCIE","8,769",10.103,Q1,1.99,5.57%
COMPUTER-AIDED CIVIL AND INFRASTRUCTURE ENGINEERING,COMPUT-AIDED CIV INF,1093-9687,1467-8667,"COMPUTER SCIENCE, INTERDISCIPLINARY APPLICATIONS - SCIE","6,723",10.066,Q1,2.24,11.04%
INVESTIGATIVE RADIOLOGY,INVEST RADIOL,0020-9996,1536-0210,"RADIOLOGY, NUCLEAR MEDICINE & MEDICAL IMAGING - SCIE","8,071",10.065,Q1,2.45,9.93%
EUROPEAN JOURNAL OF NUCLEAR MEDICINE AND MOLECULAR IMAGING,EUR J NUCL MED MOL I,1619-7070,1619-7089,"RADIOLOGY, NUCLEAR MEDICINE & MEDICAL IMAGING - SCIE","24,002",10.057,Q1,2.32,39.13%
IEEE Computational Intelligence Magazine,IEEE COMPUT INTELL M,1556-603X,1556-6048,"COMPUTER SCIENCE, ARTIFICIAL INTELLIGENCE - SCIE","2,720",9.809,Q1,1.89,5.88%
NEURAL NETWORKS,NEURAL NETWORKS,0893-6080,1879-2782,"COMPUTER SCIENCE, ARTIFICIAL INTELLIGENCE - SCIE","23,717",9.657,Q1,1.87,10.17%
Photoacoustics,PHOTOACOUSTICS,2213-5979,2213-5979,"RADIOLOGY, NUCLEAR MEDICINE & MEDICAL IMAGING - SCIE","1,827",9.656,Q1,2,99.45%
ARTIFICIAL INTELLIGENCE REVIEW,ARTIF INTELL REV,0269-2821,1573-7462,"COMPUTER SCIENCE, ARTIFICIAL INTELLIGENCE - SCIE","7,204",9.588,Q1,1.47,7.66%
IEEE TRANSACTIONS ON SOFTWARE ENGINEERING,IEEE T SOFTWARE ENG,0098-5589,1939-3520,"COMPUTER SCIENCE, SOFTWARE ENGINEERING - SCIE","9,043",9.322,Q1,2.14,4.71%
Research Synthesis Methods,RES SYNTH METHODS,1759-2879,1759-2887,MATHEMATICAL & COMPUTATIONAL BIOLOGY - SCIE,"5,479",9.308,Q1,1.81,43.01%
IEEE TRANSACTIONS ON KNOWLEDGE AND DATA ENGINEERING,IEEE T KNOWL DATA EN,1041-4347,1558-2191,"COMPUTER SCIENCE, ARTIFICIAL INTELLIGENCE - SCIE; COMPUTER SCIENCE, INFORMATION SYSTEMS - SCIE","20,454",9.235,Q1,1.75,5.75%
Transactions of the Association for Computational Linguistics,T ASSOC COMPUT LING,N/A,2307-387X,"COMPUTER SCIENCE, ARTIFICIAL INTELLIGENCE - SCIE","2,530",9.194,Q1,5.84,93.09%
TELEMATICS AND INFORMATICS,TELEMAT INFORM,0736-5853,N/A,INFORMATION SCIENCE & LIBRARY SCIENCE - SSCI,"7,360",9.14,Q1,2.36,6.42%
European Heart Journal-Cardiovascular Imaging,EUR HEART J-CARD IMG,2047-2404,2047-2412,"RADIOLOGY, NUCLEAR MEDICINE & MEDICAL IMAGING - SCIE","10,941",9.13,Q1,1.75,13.89%
EUROPEAN JOURNAL OF INFORMATION SYSTEMS,EUR J INFORM SYST,0960-085X,1476-9344,"COMPUTER SCIENCE, INFORMATION SYSTEMS - SCIE; INFORMATION SCIENCE & LIBRARY SCIENCE - SSCI","5,259",9.011,Q1,2,22.82%
Journal of King Saud University-Computer and Information Sciences,J KING SAUD UNIV-COM,1319-1578,2213-1248,"COMPUTER SCIENCE, INFORMATION SYSTEMS - SCIE","2,994",9,Q1,1.49,99.32%
INTERNATIONAL JOURNAL OF INTELLIGENT SYSTEMS,INT J INTELL SYST,0884-8173,1098-111X,"COMPUTER SCIENCE, ARTIFICIAL INTELLIGENCE - SCIE","7,799",8.993,Q1,1.83,2.83%
Computer Science Review,COMPUT SCI REV,1574-0137,1876-7745,"COMPUTER SCIENCE, INFORMATION SYSTEMS - SCIE; COMPUTER SCIENCE, SOFTWARE ENGINEERING - SCIE; COMPUTER SCIENCE, THEORY & METHODS - SCIE","2,170",8.757,Q1,1.13,6.17%
Journal of Knowledge Management,J KNOWL MANAG,1367-3270,1758-7484,INFORMATION SCIENCE & LIBRARY SCIENCE - SSCI,"10,059",8.689,Q1,2.33,3.88%
ULTRASOUND IN OBSTETRICS & GYNECOLOGY,ULTRASOUND OBST GYN,0960-7692,1469-0705,"RADIOLOGY, NUCLEAR MEDICINE & MEDICAL IMAGING - SCIE","19,564",8.678,Q1,2.2,16.11%
EXPERT SYSTEMS WITH APPLICATIONS,EXPERT SYST APPL,0957-4174,1873-6793,"COMPUTER SCIENCE, ARTIFICIAL INTELLIGENCE - SCIE","64,974",8.665,Q1,1.81,3.41%
Circulation-Cardiovascular Imaging,CIRC-CARDIOVASC IMAG,1941-9651,1942-0080,"RADIOLOGY, NUCLEAR MEDICINE & MEDICAL IMAGING - SCIE","8,707",8.589,Q1,1.75,11.43%
PATTERN RECOGNITION,PATTERN RECOGN,0031-3203,1873-5142,"COMPUTER SCIENCE, ARTIFICIAL INTELLIGENCE - SCIE","37,829",8.518,Q1,1.92,3.47%
MIS QUARTERLY,MIS QUART,0276-7783,N/A,"COMPUTER SCIENCE, INFORMATION SYSTEMS - SCIE; INFORMATION SCIENCE & LIBRARY SCIENCE - SSCI","29,352",8.513,Q1,1.82,0%
GOVERNMENT INFORMATION QUARTERLY,GOV INFORM Q,0740-624X,1872-9517,INFORMATION SCIENCE & LIBRARY SCIENCE - SSCI,"6,283",8.49,Q1,2.39,22.33%
Journal of Cheminformatics,J CHEMINFORMATICS,1758-2946,1758-2946,"COMPUTER SCIENCE, INFORMATION SYSTEMS - SCIE; COMPUTER SCIENCE, INTERDISCIPLINARY APPLICATIONS - SCIE","7,357",8.489,Q1,1.51,100%
APPLIED SOFT COMPUTING,APPL SOFT COMPUT,1568-4946,1872-9681,"COMPUTER SCIENCE, ARTIFICIAL INTELLIGENCE - SCIE; COMPUTER SCIENCE, INTERDISCIPLINARY APPLICATIONS - SCIE","41,240",8.263,Q1,1.57,2.97%
INFORMATION SCIENCES,INFORM SCIENCES,0020-0255,1872-6291,"COMPUTER SCIENCE, INFORMATION SYSTEMS - SCIE","51,960",8.233,Q1,2.23,2.64%
IEEE TRANSACTIONS ON MULTIMEDIA,IEEE T MULTIMEDIA,1520-9210,1941-0077,"COMPUTER SCIENCE, INFORMATION SYSTEMS - SCIE; COMPUTER SCIENCE, SOFTWARE ENGINEERING - SCIE","13,011",8.182,Q1,2.26,3.07%
ARCHIVES OF COMPUTATIONAL METHODS IN ENGINEERING,ARCH COMPUT METHOD E,1134-3060,1886-1784,"COMPUTER SCIENCE, INTERDISCIPLINARY APPLICATIONS - SCIE","4,872",8.171,Q1,1.04,8.90%
IEEE TRANSACTIONS ON INDUSTRIAL ELECTRONICS,IEEE T IND ELECTRON,0278-0046,1557-9948,AUTOMATION & CONTROL SYSTEMS - SCIE,"82,677",8.162,Q1,2.37,2.10%
KNOWLEDGE-BASED SYSTEMS,KNOWL-BASED SYST,0950-7051,1872-7409,"COMPUTER SCIENCE, ARTIFICIAL INTELLIGENCE - SCIE","28,857",8.139,Q1,1.56,2.73%
ENGINEERING WITH COMPUTERS,ENG COMPUT-GERMANY,0177-0667,1435-5663,"COMPUTER SCIENCE, INTERDISCIPLINARY APPLICATIONS - SCIE","8,386",8.083,Q1,1.39,1.90%
Mathematical Programming Computation,MATH PROGRAM COMPUT,1867-2949,1867-2957,"COMPUTER SCIENCE, SOFTWARE ENGINEERING - SCIE","1,294",8.059,Q1,2.55,22.58%
INTERNATIONAL JOURNAL OF RADIATION ONCOLOGY BIOLOGY PHYSICS,INT J RADIAT ONCOL,0360-3016,1879-355X,"RADIOLOGY, NUCLEAR MEDICINE & MEDICAL IMAGING - SCIE","53,680",8.013,Q1,1.4,11.30%
JOURNAL OF BIOMEDICAL INFORMATICS,J BIOMED INFORM,1532-0464,1532-0480,"COMPUTER SCIENCE, INTERDISCIPLINARY APPLICATIONS - SCIE; MEDICAL INFORMATICS - SCIE","15,227",8,Q1,1.22,7.42%
CAAI Transactions on Intelligence Technology,CAAI T INTELL TECHNO,2468-6557,2468-2322,"COMPUTER SCIENCE, ARTIFICIAL INTELLIGENCE - SCIE",812,7.985,Q1,1.25,90.30%
JOURNAL OF THE AMERICAN MEDICAL INFORMATICS ASSOCIATION,J AM MED INFORM ASSN,1067-5027,1527-974X,"COMPUTER SCIENCE, INFORMATION SYSTEMS - SCIE; COMPUTER SCIENCE, INTERDISCIPLINARY APPLICATIONS - SCIE; INFORMATION SCIENCE & LIBRARY SCIENCE - SSCI; MEDICAL INFORMATICS - SCIE","15,055",7.942,Q1,1.83,29.51%
ADVANCED ENGINEERING INFORMATICS,ADV ENG INFORM,1474-0346,1873-5320,"COMPUTER SCIENCE, ARTIFICIAL INTELLIGENCE - SCIE","6,428",7.862,Q1,1.79,5.54%
IEEE-CAA Journal of Automatica Sinica,IEEE-CAA J AUTOMATIC,2329-9266,2329-9274,AUTOMATION & CONTROL SYSTEMS - SCIE,"4,762",7.847,Q1,1.47,0%
ENGINEERING APPLICATIONS OF ARTIFICIAL INTELLIGENCE,ENG APPL ARTIF INTEL,0952-1976,1873-6769,"AUTOMATION & CONTROL SYSTEMS - SCIE; COMPUTER SCIENCE, ARTIFICIAL INTELLIGENCE - SCIE","13,571",7.802,Q1,1.86,4.08%
Soft Robotics,SOFT ROBOT,2169-5172,2169-5180,ROBOTICS - SCIE,"3,987",7.784,Q1,1.93,13.36%
COMPUTATIONAL LINGUISTICS,COMPUT LINGUIST,0891-2017,1530-9312,"COMPUTER SCIENCE, ARTIFICIAL INTELLIGENCE - SCIE; COMPUTER SCIENCE, INTERDISCIPLINARY APPLICATIONS - SCIE","2,694",7.778,Q1,2.51,98.36%
INFORMATION SYSTEMS JOURNAL,INFORM SYST J,1350-1917,1365-2575,INFORMATION SCIENCE & LIBRARY SCIENCE - SSCI,"3,608",7.767,Q1,2.35,23.02%
INTERNATIONAL JOURNAL OF ELECTRONIC COMMERCE,INT J ELECTRON COMM,1086-4415,1557-9301,"COMPUTER SCIENCE, SOFTWARE ENGINEERING - SCIE","3,370",7.73,Q1,1.41,6.78%
Computers and Concrete,COMPUT CONCRETE,1598-8198,1598-818X,"COMPUTER SCIENCE, INTERDISCIPLINARY APPLICATIONS - SCIE","2,887",7.628,Q1,1.56,0%
JOURNAL OF MANAGEMENT INFORMATION SYSTEMS,J MANAGE INFORM SYST,0742-1222,1557-928X,"COMPUTER SCIENCE, INFORMATION SYSTEMS - SCIE; INFORMATION SCIENCE & LIBRARY SCIENCE - SSCI","8,774",7.582,Q1,2.1,11.67%
JOURNAL OF NETWORK AND COMPUTER APPLICATIONS,J NETW COMPUT APPL,1084-8045,1095-8592,"COMPUTER SCIENCE, HARDWARE & ARCHITECTURE - SCIE; COMPUTER SCIENCE, INTERDISCIPLINARY APPLICATIONS - SCIE; COMPUTER SCIENCE, SOFTWARE ENGINEERING - SCIE","10,623",7.574,Q1,1.57,4.44%
Wiley Interdisciplinary Reviews-Data Mining and Knowledge Discovery,WIRES DATA MIN KNOWL,1942-4787,1942-4795,"COMPUTER SCIENCE, ARTIFICIAL INTELLIGENCE - SCIE; COMPUTER SCIENCE, THEORY & METHODS - SCIE","2,821",7.558,Q1,0.89,8.33%
INFORMATION PROCESSING & MANAGEMENT,INFORM PROCESS MANAG,0306-4573,1873-5371,"COMPUTER SCIENCE, INFORMATION SYSTEMS - SCIE; INFORMATION SCIENCE & LIBRARY SCIENCE - SSCI","8,549",7.466,Q1,2.15,6.34%
Journal of Computer-Mediated Communication,J COMPUT-MEDIAT COMM,1083-6101,1083-6101,INFORMATION SCIENCE & LIBRARY SCIENCE - SSCI,"6,321",7.432,Q1,2.4,41.67%
COMPUTERIZED MEDICAL IMAGING AND GRAPHICS,COMPUT MED IMAG GRAP,0895-6111,1879-0771,"RADIOLOGY, NUCLEAR MEDICINE & MEDICAL IMAGING - SCIE","3,973",7.422,Q1,1.44,8.46%
ACM TRANSACTIONS ON GRAPHICS,ACM T GRAPHIC,0730-0301,1557-7368,"COMPUTER SCIENCE, SOFTWARE ENGINEERING - SCIE","26,319",7.403,Q1,2.22,0%
NEUROIMAGE,NEUROIMAGE,1053-8119,1095-9572,"RADIOLOGY, NUCLEAR MEDICINE & MEDICAL IMAGING - SCIE","131,266",7.4,Q1,1.64,74.23%
Journal of Organizational and End User Computing,J ORGAN END USER COM,1546-2234,1546-5012,"COMPUTER SCIENCE, INFORMATION SYSTEMS - SCIE; INFORMATION SCIENCE & LIBRARY SCIENCE - SSCI","1,003",7.4,Q1,1.82,64.60%
Future Generation Computer Systems-The International Journal of eScience,FUTURE GENER COMP SY,0167-739X,1872-7115,"COMPUTER SCIENCE, THEORY & METHODS - SCIE","24,800",7.307,Q1,2.39,3.68%
Advanced Intelligent Systems,ADV INTELL SYST-GER,N/A,2640-4567,"AUTOMATION & CONTROL SYSTEMS - SCIE; COMPUTER SCIENCE, ARTIFICIAL INTELLIGENCE - SCIE; ROBOTICS - SCIE","1,841",7.298,Q1,1.19,85.90%
Science China-Information Sciences,SCI CHINA INFORM SCI,1674-733X,1869-1919,"COMPUTER SCIENCE, INFORMATION SYSTEMS - SCIE","5,794",7.275,Q1,1.05,0.78%
Diagnostic and Interventional Imaging,DIAGN INTERV IMAG,2211-5684,2211-5684,"RADIOLOGY, NUCLEAR MEDICINE & MEDICAL IMAGING - SCIE","3,132",7.242,Q1,1.17,3.78%
IEEE Transactions on Information Forensics and Security,IEEE T INF FOREN SEC,1556-6013,1556-6021,"COMPUTER SCIENCE, THEORY & METHODS - SCIE","15,383",7.231,Q1,2.32,10.70%
Zeitschrift fur Medizinische Physik,Z MED PHYS,0939-3889,1876-4436,"RADIOLOGY, NUCLEAR MEDICINE & MEDICAL IMAGING - SCIE","1,002",7.215,Q1,1.06,12.87%
Computers & Industrial Engineering,COMPUT IND ENG,0360-8352,1879-0550,"COMPUTER SCIENCE, INTERDISCIPLINARY APPLICATIONS - SCIE","27,459",7.18,Q1,1.26,2.02%
JOURNAL OF INTELLIGENT MANUFACTURING,J INTELL MANUF,0956-5515,1572-8145,"COMPUTER SCIENCE, ARTIFICIAL INTELLIGENCE - SCIE","7,649",7.136,Q1,1.48,9.87%
KOREAN JOURNAL OF RADIOLOGY,KOREAN J RADIOL,1229-6929,2005-8330,"RADIOLOGY, NUCLEAR MEDICINE & MEDICAL IMAGING - SCIE","5,788",7.109,Q1,1.47,35.82%
Physical and Engineering Sciences in Medicine,PHYS ENG SCI MED,2662-4729,2662-4737,"RADIOLOGY, NUCLEAR MEDICINE & MEDICAL IMAGING - SCIE",862,7.099,Q1,1.6,1.36%
JOURNAL OF MEDICAL INTERNET RESEARCH,J MED INTERNET RES,1438-8871,N/A,MEDICAL INFORMATICS - SCIE,"36,483",7.077,Q1,1.67,99.39%
EUROPEAN RADIOLOGY,EUR RADIOL,0938-7994,1432-1084,"RADIOLOGY, NUCLEAR MEDICINE & MEDICAL IMAGING - SCIE","35,461",7.034,Q1,1.72,21.90%
Computer Methods and Programs in Biomedicine,COMPUT METH PROG BIO,0169-2607,1872-7565,"COMPUTER SCIENCE, INTERDISCIPLINARY APPLICATIONS - SCIE; COMPUTER SCIENCE, THEORY & METHODS - SCIE; MEDICAL INFORMATICS - SCIE","16,120",7.027,Q1,1.62,8.44%
IEEE Journal of Biomedical and Health Informatics,IEEE J BIOMED HEALTH,2168-2194,2168-2208,"COMPUTER SCIENCE, INFORMATION SYSTEMS - SCIE; COMPUTER SCIENCE, INTERDISCIPLINARY APPLICATIONS - SCIE; MATHEMATICAL & COMPUTATIONAL BIOLOGY - SCIE; MEDICAL INFORMATICS - SCIE","11,304",7.021,Q1,1.71,10.63%
Artificial Intelligence in Medicine,ARTIF INTELL MED,0933-3657,1873-2860,"COMPUTER SCIENCE, ARTIFICIAL INTELLIGENCE - SCIE; MEDICAL INFORMATICS - SCIE","5,314",7.011,Q1,1.26,11%
Journal of Statistical Software,J STAT SOFTW,1548-7660,1548-7660,"COMPUTER SCIENCE, INTERDISCIPLINARY APPLICATIONS - SCIE","44,606",6.992,Q1,1.97,96.24%
DECISION SUPPORT SYSTEMS,DECIS SUPPORT SYST,0167-9236,1873-5797,"COMPUTER SCIENCE, ARTIFICIAL INTELLIGENCE - SCIE; COMPUTER SCIENCE, INFORMATION SYSTEMS - SCIE","15,272",6.969,Q1,1.38,8.42%
BIOINFORMATICS,BIOINFORMATICS,1367-4803,1460-2059,MATHEMATICAL & COMPUTATIONAL BIOLOGY - SCIE,"174,344",6.931,Q1,2.04,39.23%
JOURNAL OF CARDIOVASCULAR MAGNETIC RESONANCE,J CARDIOVASC MAGN R,1097-6647,1532-429X,"RADIOLOGY, NUCLEAR MEDICINE & MEDICAL IMAGING - SCIE","7,407",6.903,Q1,1.5,99.65%
RADIOTHERAPY AND ONCOLOGY,RADIOTHER ONCOL,0167-8140,1879-0887,"RADIOLOGY, NUCLEAR MEDICINE & MEDICAL IMAGING - SCIE","25,363",6.901,Q1,1.45,19.62%
INTERNATIONAL JOURNAL OF ROBOTICS RESEARCH,INT J ROBOT RES,0278-3649,1741-3176,ROBOTICS - SCIE,"13,693",6.887,Q1,1.85,11.72%
IEEE Transactions on Robotics,IEEE T ROBOT,1552-3098,1941-0468,ROBOTICS - SCIE,"19,310",6.835,Q1,1.89,12.85%
IEEE Transactions on Dependable and Secure Computing,IEEE T DEPEND SECURE,1545-5971,1941-0018,"COMPUTER SCIENCE, HARDWARE & ARCHITECTURE - SCIE; COMPUTER SCIENCE, INFORMATION SYSTEMS - SCIE; COMPUTER SCIENCE, SOFTWARE ENGINEERING - SCIE","4,678",6.791,Q1,2.25,7.35%
COMPUTERS AND ELECTRONICS IN AGRICULTURE,COMPUT ELECTRON AGR,0168-1699,1872-7107,"COMPUTER SCIENCE, INTERDISCIPLINARY APPLICATIONS - SCIE","23,960",6.757,Q1,1.82,8.43%
IEEE INTELLIGENT SYSTEMS,IEEE INTELL SYST,1541-1672,1941-1294,"COMPUTER SCIENCE, ARTIFICIAL INTELLIGENCE - SCIE","4,316",6.744,Q1,1.14,1.32%
Complex & Intelligent Systems,COMPLEX INTELL SYST,2199-4536,2198-6053,"COMPUTER SCIENCE, ARTIFICIAL INTELLIGENCE - SCIE","1,941",6.7,Q1,1.13,99.61%
COMPUTERS IN BIOLOGY AND MEDICINE,COMPUT BIOL MED,0010-4825,1879-0534,"COMPUTER SCIENCE, INTERDISCIPLINARY APPLICATIONS - SCIE; MATHEMATICAL & COMPUTATIONAL BIOLOGY - SCIE","14,531",6.698,Q1,1.47,11.04%
IEEE Transactions on Automation Science and Engineering,IEEE T AUTOM SCI ENG,1545-5955,1558-3783,AUTOMATION & CONTROL SYSTEMS - SCIE,"8,587",6.636,Q1,1.33,7.48%
IEEE Transactions on Emerging Topics in Computing,IEEE T EMERG TOP COM,2168-6750,2168-6750,"COMPUTER SCIENCE, INFORMATION SYSTEMS - SCIE","2,617",6.595,Q1,2.08,4.36%
AMERICAN JOURNAL OF ROENTGENOLOGY,AM J ROENTGENOL,0361-803X,1546-3141,"RADIOLOGY, NUCLEAR MEDICINE & MEDICAL IMAGING - SCIE","42,199",6.582,Q1,1.41,0.74%
Human-centric Computing and Information Sciences,HUM-CENT COMPUT INFO,N/A,2192-1962,"COMPUTER SCIENCE, INFORMATION SYSTEMS - SCIE","1,256",6.558,Q1,1.61,66.90%
IEEE TRANSACTIONS ON AUTOMATIC CONTROL,IEEE T AUTOMAT CONTR,0018-9286,1558-2523,AUTOMATION & CONTROL SYSTEMS - SCIE,"60,619",6.549,Q1,1.63,8.88%
HUMAN-COMPUTER INTERACTION,HUM-COMPUT INTERACT,0737-0024,1532-7051,"COMPUTER SCIENCE, CYBERNETICS - SCIE; COMPUTER SCIENCE, THEORY & METHODS - SCIE","1,950",6.459,Q1,0.94,22.39%
Journal of Field Robotics,J FIELD ROBOT,1556-4959,1556-4967,ROBOTICS - SCIE,"4,099",6.385,Q2,1.44,14.66%
Internet Research,INTERNET RES,1066-2243,1066-2243,"COMPUTER SCIENCE, INFORMATION SYSTEMS - SCIE","5,332",6.353,Q1,1.43,5.82%
MIS Quarterly Executive,MIS Q EXEC,1540-1960,1540-1979,INFORMATION SCIENCE & LIBRARY SCIENCE - SSCI,"1,424",6.353,Q1,1.33,0%
International Journal of Neural Systems,INT J NEURAL SYST,0129-0657,1793-6462,"COMPUTER SCIENCE, ARTIFICIAL INTELLIGENCE - SCIE","2,891",6.325,Q1,1.12,8.29%
Radiologia Medica,RADIOL MED,0033-8362,1826-6983,"RADIOLOGY, NUCLEAR MEDICINE & MEDICAL IMAGING - SCIE","4,755",6.313,Q1,1.27,11.70%
RADIOGRAPHICS,RADIOGRAPHICS,0271-5333,N/A,"RADIOLOGY, NUCLEAR MEDICINE & MEDICAL IMAGING - SCIE","17,881",6.312,Q1,1.5,1.73%
Journal of the American College of Radiology,J AM COLL RADIOL,1546-1440,1558-349X,"RADIOLOGY, NUCLEAR MEDICINE & MEDICAL IMAGING - SCIE","8,181",6.24,Q1,1.3,2.66%
Journal of Computational Design and Engineering,J COMPUT DES ENG,N/A,2288-5048,"COMPUTER SCIENCE, INTERDISCIPLINARY APPLICATIONS - SCIE","1,640",6.167,Q1,1.61,96.05%
Journal of Chemical Information and Modeling,J CHEM INF MODEL,1549-9596,1549-960X,"COMPUTER SCIENCE, INFORMATION SYSTEMS - SCIE; COMPUTER SCIENCE, INTERDISCIPLINARY APPLICATIONS - SCIE","30,162",6.162,Q1,1.36,11.03%
AUTOMATICA,AUTOMATICA,0005-1098,1873-2836,AUTOMATION & CONTROL SYSTEMS - SCIE,"49,436",6.15,Q1,1.54,3.73%
INTEGRATED COMPUTER-AIDED ENGINEERING,INTEGR COMPUT-AID E,1069-2509,1875-8835,"COMPUTER SCIENCE, ARTIFICIAL INTELLIGENCE - SCIE; COMPUTER SCIENCE, INTERDISCIPLINARY APPLICATIONS - SCIE",891,6.137,Q1,1.37,2.67%
IEEE TRANSACTIONS ON MOBILE COMPUTING,IEEE T MOBILE COMPUT,1536-1233,1558-0660,"COMPUTER SCIENCE, INFORMATION SYSTEMS - SCIE","9,932",6.075,Q1,1.68,7.07%
Machine Learning-Science and Technology,MACH LEARN-SCI TECHN,N/A,2632-2153,"COMPUTER SCIENCE, ARTIFICIAL INTELLIGENCE - SCIE; COMPUTER SCIENCE, INTERDISCIPLINARY APPLICATIONS - SCIE",791,6.013,Q1,1.02,100%
IEEE CONTROL SYSTEMS MAGAZINE,IEEE CONTR SYST MAG,1066-033X,1941-000X,AUTOMATION & CONTROL SYSTEMS - SCIE,"4,512",5.972,Q1,1.26,28.81%
ISA TRANSACTIONS,ISA T,0019-0578,1879-2022,AUTOMATION & CONTROL SYSTEMS - SCIE,"12,460",5.911,Q1,1.64,0.64%
IEEE TRANSACTIONS ON RELIABILITY,IEEE T RELIAB,0018-9529,1558-1721,"COMPUTER SCIENCE, HARDWARE & ARCHITECTURE - SCIE; COMPUTER SCIENCE, SOFTWARE ENGINEERING - SCIE","8,108",5.883,Q1,1.56,4.02%
IEEE-ASME TRANSACTIONS ON MECHATRONICS,IEEE-ASME T MECH,1083-4435,1941-014X,AUTOMATION & CONTROL SYSTEMS - SCIE,"15,885",5.867,Q1,1.44,5.54%
JOURNAL OF SYSTEMS ARCHITECTURE,J SYST ARCHITECT,1383-7621,1873-6165,"COMPUTER SCIENCE, HARDWARE & ARCHITECTURE - SCIE; COMPUTER SCIENCE, SOFTWARE ENGINEERING - SCIE","2,467",5.836,Q1,1.4,7.14%
JOURNAL OF COMPUTING IN CIVIL ENGINEERING,J COMPUT CIVIL ENG,0887-3801,1943-5487,"COMPUTER SCIENCE, INTERDISCIPLINARY APPLICATIONS - SCIE","5,456",5.802,Q2,1.25,0.54%
NEUROCOMPUTING,NEUROCOMPUTING,0925-2312,1872-8286,"COMPUTER SCIENCE, ARTIFICIAL INTELLIGENCE - SCIE","54,651",5.779,Q2,1.11,2.35%
Internet of Things,INTERNET THINGS-NETH,2543-1536,2542-6605,"COMPUTER SCIENCE, INFORMATION SYSTEMS - SCIE","1,488",5.711,Q1,1.27,7.94%
IEEE Transactions on Cloud Computing,IEEE T CLOUD COMPUT,2168-7161,2168-7161,"COMPUTER SCIENCE, INFORMATION SYSTEMS - SCIE; COMPUTER SCIENCE, THEORY & METHODS - SCIE","3,065",5.697,Q1,2.07,6.47%
Business & Information Systems Engineering,BUS INFORM SYST ENG+,2363-7005,1867-0202,"COMPUTER SCIENCE, INFORMATION SYSTEMS - SCIE","2,687",5.675,Q1,0.81,50.44%
Journal of Enterprise Information Management,J ENTERP INF MANAG,1741-0398,1758-7409,INFORMATION SCIENCE & LIBRARY SCIENCE - SSCI,"3,113",5.661,Q1,1.31,0.37%
Electronic Commerce Research and Applications,ELECTRON COMMER R A,1567-4223,1873-7846,"COMPUTER SCIENCE, INFORMATION SYSTEMS - SCIE; COMPUTER SCIENCE, INTERDISCIPLINARY APPLICATIONS - SCIE","4,943",5.622,Q1,1.24,3.56%
International Journal of Computer-Supported Collaborative Learning,INT J COMP-SUPP COLL,1556-1607,1556-1615,INFORMATION SCIENCE & LIBRARY SCIENCE - SSCI,"1,227",5.611,Q1,2.36,31.48%
CANCER IMAGING,CANCER IMAGING,1740-5025,1470-7330,"RADIOLOGY, NUCLEAR MEDICINE & MEDICAL IMAGING - SCIE","2,779",5.605,Q1,0.98,100%
JOURNAL OF THORACIC IMAGING,J THORAC IMAG,0883-5993,1536-0237,"RADIOLOGY, NUCLEAR MEDICINE & MEDICAL IMAGING - SCIE","2,357",5.528,Q1,0.92,3.92%
Computer Networks,COMPUT NETW,1389-1286,1872-7069,"COMPUTER SCIENCE, HARDWARE & ARCHITECTURE - SCIE; COMPUTER SCIENCE, INFORMATION SYSTEMS - SCIE","12,897",5.493,Q1,1.28,5.97%
INFORMATION SYSTEMS RESEARCH,INFORM SYST RES,1047-7047,1526-5536,INFORMATION SCIENCE & LIBRARY SCIENCE - SSCI,"12,618",5.49,Q1,1.37,0%
ACADEMIC RADIOLOGY,ACAD RADIOL,1076-6332,1878-4046,"RADIOLOGY, NUCLEAR MEDICINE & MEDICAL IMAGING - SCIE","9,138",5.482,Q1,1.1,4.62%
Nonlinear Analysis-Hybrid Systems,NONLINEAR ANAL-HYBRI,1751-570X,1878-7460,AUTOMATION & CONTROL SYSTEMS - SCIE,"2,988",5.477,Q1,2.1,1.29%
ENVIRONMENTAL MODELLING & SOFTWARE,ENVIRON MODELL SOFTW,1364-8152,1873-6726,"COMPUTER SCIENCE, INTERDISCIPLINARY APPLICATIONS - SCIE","19,057",5.471,Q2,1.03,21.70%
ULTRASCHALL IN DER MEDIZIN,ULTRASCHALL MED,0172-4614,1438-8782,"RADIOLOGY, NUCLEAR MEDICINE & MEDICAL IMAGING - SCIE","3,149",5.445,Q1,1.57,1.67%
SEMINARS IN RADIATION ONCOLOGY,SEMIN RADIAT ONCOL,1053-4296,1532-9461,"RADIOLOGY, NUCLEAR MEDICINE & MEDICAL IMAGING - SCIE","3,100",5.421,Q1,1.28,4.80%
IEEE TRANSACTIONS ON CONTROL SYSTEMS TECHNOLOGY,IEEE T CONTR SYST T,1063-6536,1558-0865,AUTOMATION & CONTROL SYSTEMS - SCIE,"17,368",5.418,Q2,1.48,6.91%
MACHINE LEARNING,MACH LEARN,0885-6125,1573-0565,"COMPUTER SCIENCE, ARTIFICIAL INTELLIGENCE - SCIE","30,019",5.414,Q2,0.85,37.50%
DATA MINING AND KNOWLEDGE DISCOVERY,DATA MIN KNOWL DISC,1384-5810,1573-756X,"COMPUTER SCIENCE, ARTIFICIAL INTELLIGENCE - SCIE; COMPUTER SCIENCE, INFORMATION SYSTEMS - SCIE","5,039",5.406,Q1,0.87,34.47%
HUMAN BRAIN MAPPING,HUM BRAIN MAPP,1065-9471,1097-0193,"RADIOLOGY, NUCLEAR MEDICINE & MEDICAL IMAGING - SCIE","29,646",5.399,Q1,1.13,67.84%
Information and Organization,INFORM ORGAN-UK,1471-7727,1873-7919,INFORMATION SCIENCE & LIBRARY SCIENCE - SSCI,"1,291",5.387,Q1,2.01,9.62%
COMPUTERS & STRUCTURES,COMPUT STRUCT,0045-7949,1879-2243,"COMPUTER SCIENCE, INTERDISCIPLINARY APPLICATIONS - SCIE","18,904",5.372,Q2,1.2,4.90%
Internet Interventions-The Application of Information Technology in Mental and Behavioural Health,INTERNET INTERV,N/A,2214-7829,MEDICAL INFORMATICS - SCIE,"2,040",5.358,Q2,1.19,100%
Journal of the Association for Information Systems,J ASSOC INF SYST,1536-9323,1558-3457,"COMPUTER SCIENCE, INFORMATION SYSTEMS - SCIE; INFORMATION SCIENCE & LIBRARY SCIENCE - SSCI","4,419",5.346,Q1,1.2,0%
MINDS AND MACHINES,MIND MACH,0924-6495,1572-8641,"COMPUTER SCIENCE, ARTIFICIAL INTELLIGENCE - SCIE","1,180",5.339,Q2,0.81,50.60%
IEEE Wireless Communications Letters,IEEE WIREL COMMUN LE,2162-2337,2162-2345,"COMPUTER SCIENCE, INFORMATION SYSTEMS - SCIE","9,546",5.281,Q1,1.58,3.80%
BIOSTATISTICS,BIOSTATISTICS,1465-4644,1468-4357,MATHEMATICAL & COMPUTATIONAL BIOLOGY - SCIE,"5,158",5.279,Q1,1.8,13.68%
Fuzzy Optimization and Decision Making,FUZZY OPTIM DECIS MA,1568-4539,1573-2908,"COMPUTER SCIENCE, ARTIFICIAL INTELLIGENCE - SCIE","1,393",5.274,Q2,1.03,1.16%
INFORMATION SYSTEMS FRONTIERS,INFORM SYST FRONT,1387-3326,1572-9419,"COMPUTER SCIENCE, INFORMATION SYSTEMS - SCIE; COMPUTER SCIENCE, THEORY & METHODS - SCIE","4,156",5.261,Q1,1.51,22.78%
IEEE ROBOTICS & AUTOMATION MAGAZINE,IEEE ROBOT AUTOM MAG,1070-9932,1558-223X,AUTOMATION & CONTROL SYSTEMS - SCIE; ROBOTICS - SCIE,"4,093",5.229,Q2,1.16,13.16%
IEEE TRANSACTIONS ON VISUALIZATION AND COMPUTER GRAPHICS,IEEE T VIS COMPUT GR,1077-2626,1941-0506,"COMPUTER SCIENCE, SOFTWARE ENGINEERING - SCIE","14,486",5.226,Q1,1.97,5.40%
COMPUTERS AND GEOTECHNICS,COMPUT GEOTECH,0266-352X,1873-7633,"COMPUTER SCIENCE, INTERDISCIPLINARY APPLICATIONS - SCIE","17,097",5.218,Q2,1.35,3.50%
JOURNAL OF MACHINE LEARNING RESEARCH,J MACH LEARN RES,1532-4435,N/A,"AUTOMATION & CONTROL SYSTEMS - SCIE; COMPUTER SCIENCE, ARTIFICIAL INTELLIGENCE - SCIE","47,705",5.177,Q2,0.99,0%
Journal of Cardiovascular Computed Tomography,J CARDIOVASC COMPUT,1934-5925,1934-5925,"RADIOLOGY, NUCLEAR MEDICINE & MEDICAL IMAGING - SCIE","2,923",5.17,Q1,1.1,8.42%
COMPUTERS & GEOSCIENCES,COMPUT GEOSCI-UK,0098-3004,1873-7803,"COMPUTER SCIENCE, INTERDISCIPLINARY APPLICATIONS - SCIE","15,723",5.168,Q2,0.85,9.26%
COMPUTERS & OPERATIONS RESEARCH,COMPUT OPER RES,0305-0548,1873-765X,"COMPUTER SCIENCE, INTERDISCIPLINARY APPLICATIONS - SCIE","18,486",5.159,Q2,0.99,6.12%
INTERNATIONAL JOURNAL OF GEOGRAPHICAL INFORMATION SCIENCE,INT J GEOGR INF SCI,1365-8816,1362-3087,"COMPUTER SCIENCE, INFORMATION SYSTEMS - SCIE; INFORMATION SCIENCE & LIBRARY SCIENCE - SSCI","8,742",5.152,Q1,1.36,11.94%
JOURNAL OF INFORMATION TECHNOLOGY,J INF TECHNOL-UK,0268-3962,1466-4437,"COMPUTER SCIENCE, INFORMATION SYSTEMS - SCIE; INFORMATION SCIENCE & LIBRARY SCIENCE - SSCI","2,497",5.15,Q1,1.55,24.62%
JOURNAL OF MAGNETIC RESONANCE IMAGING,J MAGN RESON IMAGING,1053-1807,1522-2586,"RADIOLOGY, NUCLEAR MEDICINE & MEDICAL IMAGING - SCIE","22,205",5.119,Q1,1.21,14.54%
COMPUTERS & SECURITY,COMPUT SECUR,0167-4048,1872-6208,"COMPUTER SCIENCE, INFORMATION SYSTEMS - SCIE","8,076",5.105,Q2,1.4,7.06%
NEURAL COMPUTING & APPLICATIONS,NEURAL COMPUT APPL,0941-0643,1433-3058,"COMPUTER SCIENCE, ARTIFICIAL INTELLIGENCE - SCIE","23,402",5.102,Q2,1.05,6.25%
COMPUTER COMMUNICATIONS,COMPUT COMMUN,0140-3664,1873-703X,"COMPUTER SCIENCE, INFORMATION SYSTEMS - SCIE","8,637",5.047,Q2,1.24,2.60%
Insights into Imaging,INSIGHTS IMAGING,1869-4101,1869-4101,"RADIOLOGY, NUCLEAR MEDICINE & MEDICAL IMAGING - SCIE","4,200",5.036,Q2,1,98.86%
APPLIED INTELLIGENCE,APPL INTELL,0924-669X,1573-7497,"COMPUTER SCIENCE, ARTIFICIAL INTELLIGENCE - SCIE","8,493",5.019,Q2,0.93,5.02%
Health Information Science and Systems,HEALTH INF SCI SYST,2047-2501,2047-2501,MEDICAL INFORMATICS - SCIE,763,5.017,Q2,1.09,18.95%
IEEE Transactions on Intelligent Vehicles,IEEE T INTELL VEHICL,2379-8858,2379-8904,"COMPUTER SCIENCE, ARTIFICIAL INTELLIGENCE - SCIE","1,666",5.009,Q2,1.13,5%
AMERICAN JOURNAL OF NEURORADIOLOGY,AM J NEURORADIOL,0195-6108,1936-959X,"RADIOLOGY, NUCLEAR MEDICINE & MEDICAL IMAGING - SCIE","29,851",4.966,Q2,1.06,89.89%
Journal of Information Security and Applications,J INF SECUR APPL,2214-2126,2214-2134,"COMPUTER SCIENCE, INFORMATION SYSTEMS - SCIE","2,579",4.96,Q2,1.26,5.16%
JMIR mHealth and uHealth,JMIR MHEALTH UHEALTH,2291-5222,2291-5222,MEDICAL INFORMATICS - SCIE,"10,411",4.948,Q2,1.23,99.23%
International Journal of Interactive Multimedia and Artificial Intelligence,INT J INTERACT MULTI,1989-1660,1989-1660,"COMPUTER SCIENCE, ARTIFICIAL INTELLIGENCE - SCIE; COMPUTER SCIENCE, INTERDISCIPLINARY APPLICATIONS - SCIE","1,128",4.936,Q2,0.9,100%
Sustainable Computing-Informatics & Systems,SUSTAIN COMPUT-INFOR,2210-5379,2210-5387,"COMPUTER SCIENCE, HARDWARE & ARCHITECTURE - SCIE; COMPUTER SCIENCE, INFORMATION SYSTEMS - SCIE","1,431",4.923,Q1,1.11,1.47%
INTERNATIONAL JOURNAL OF HUMAN-COMPUTER INTERACTION,INT J HUM-COMPUT INT,1044-7318,1532-7590,"COMPUTER SCIENCE, CYBERNETICS - SCIE","4,681",4.92,Q1,0.98,8.87%
JOURNAL OF MEDICAL SYSTEMS,J MED SYST,0148-5598,1573-689X,MEDICAL INFORMATICS - SCIE,"8,993",4.92,Q2,1.34,10.55%
IEEE Transactions on Sustainable Computing,IEEE T SUST COMPUT,2377-3782,2377-3782,"COMPUTER SCIENCE, HARDWARE & ARCHITECTURE - SCIE; COMPUTER SCIENCE, INFORMATION SYSTEMS - SCIE",845,4.908,Q1,1.35,1.53%
JOURNAL OF DIGITAL IMAGING,J DIGIT IMAGING,0897-1889,1618-727X,"RADIOLOGY, NUCLEAR MEDICINE & MEDICAL IMAGING - SCIE","4,428",4.903,Q2,1.14,15.90%
Cognitive Computation,COGN COMPUT,1866-9956,1866-9964,"COMPUTER SCIENCE, ARTIFICIAL INTELLIGENCE - SCIE","2,904",4.89,Q2,1.03,14.12%
COMPUTER VISION AND IMAGE UNDERSTANDING,COMPUT VIS IMAGE UND,1077-3142,1090-235X,"COMPUTER SCIENCE, ARTIFICIAL INTELLIGENCE - SCIE","6,562",4.886,Q2,1.08,7.80%
INTERNATIONAL JOURNAL OF HUMAN-COMPUTER STUDIES,INT J HUM-COMPUT ST,1071-5819,1095-9300,"COMPUTER SCIENCE, CYBERNETICS - SCIE","6,726",4.866,Q1,1.2,14.50%
IEEE Transactions on Emerging Topics in Computational Intelligence,IEEE T EM TOP COMP I,2471-285X,2471-285X,"COMPUTER SCIENCE, ARTIFICIAL INTELLIGENCE - SCIE","1,266",4.851,Q2,1.15,1.64%
Current Bioinformatics,CURR BIOINFORM,1574-8936,2212-392X,MATHEMATICAL & COMPUTATIONAL BIOLOGY - SCIE,"1,505",4.85,Q1,0.88,0%
Ad Hoc Networks,AD HOC NETW,1570-8705,1570-8713,"COMPUTER SCIENCE, INFORMATION SYSTEMS - SCIE","5,745",4.816,Q2,1.25,3.06%
INDUSTRIAL MANAGEMENT & DATA SYSTEMS,IND MANAGE DATA SYST,0263-5577,1758-5783,"COMPUTER SCIENCE, INTERDISCIPLINARY APPLICATIONS - SCIE","7,415",4.803,Q2,0.84,1.12%
IEEE Systems Journal,IEEE SYST J,1932-8184,1937-9234,"COMPUTER SCIENCE, INFORMATION SYSTEMS - SCIE","11,698",4.802,Q2,1.23,2.58%
SEMINARS IN NUCLEAR MEDICINE,SEMIN NUCL MED,0001-2998,1558-4623,"RADIOLOGY, NUCLEAR MEDICINE & MEDICAL IMAGING - SCIE","3,081",4.802,Q2,0.94,6.67%
PLoS Computational Biology,PLOS COMPUT BIOL,1553-734X,1553-7358,MATHEMATICAL & COMPUTATIONAL BIOLOGY - SCIE,"41,739",4.779,Q1,1.11,99.65%
EVOLUTIONARY COMPUTATION,EVOL COMPUT,1063-6560,1530-9304,"COMPUTER SCIENCE, ARTIFICIAL INTELLIGENCE - SCIE; COMPUTER SCIENCE, THEORY & METHODS - SCIE","3,763",4.766,Q1,1.07,4.55%
IEEE Transactions on Network and Service Management,IEEE T NETW SERV MAN,1932-4537,1932-4537,"COMPUTER SCIENCE, INFORMATION SYSTEMS - SCIE","3,860",4.758,Q2,1.29,3.36%
PATTERN RECOGNITION LETTERS,PATTERN RECOGN LETT,0167-8655,1872-7344,"COMPUTER SCIENCE, ARTIFICIAL INTELLIGENCE - SCIE","18,442",4.757,Q2,0.91,3.24%
ICT Express,ICT EXPRESS,2405-9595,2405-9595,"COMPUTER SCIENCE, INFORMATION SYSTEMS - SCIE","1,131",4.754,Q2,1.13,99.53%
IEEE Transactions on Computational Social Systems,IEEE T COMPUT SOC SY,2329-924X,2329-924X,"COMPUTER SCIENCE, CYBERNETICS - SCIE; COMPUTER SCIENCE, INFORMATION SYSTEMS - SCIE","1,970",4.747,Q2,0.97,4.09%
Clinical and Translational Radiation Oncology,CLIN TRANSL RAD ONCO,N/A,2405-6308,"RADIOLOGY, NUCLEAR MEDICINE & MEDICAL IMAGING - SCIE","1,452",4.739,Q2,1.04,98.32%
INTERNATIONAL JOURNAL OF MEDICAL INFORMATICS,INT J MED INFORM,1386-5056,1872-8243,"COMPUTER SCIENCE, INFORMATION SYSTEMS - SCIE; MEDICAL INFORMATICS - SCIE","8,716",4.73,Q2,1.09,14.89%
Ultrasonography,ULTRASONOGRAPHY,2288-5919,2288-5943,"RADIOLOGY, NUCLEAR MEDICINE & MEDICAL IMAGING - SCIE","1,170",4.725,Q2,0.96,100%
COMPUTER PHYSICS COMMUNICATIONS,COMPUT PHYS COMMUN,0010-4655,1879-2944,"COMPUTER SCIENCE, INTERDISCIPLINARY APPLICATIONS - SCIE","28,663",4.717,Q2,1.59,10.74%
VIRTUAL REALITY,VIRTUAL REAL-LONDON,1359-4338,1434-9957,"COMPUTER SCIENCE, INTERDISCIPLINARY APPLICATIONS - SCIE; COMPUTER SCIENCE, SOFTWARE ENGINEERING - SCIE","1,790",4.697,Q1,0.97,28.35%
Digital Health,DIGIT HEALTH,2055-2076,2055-2076,MEDICAL INFORMATICS - SCIE,"1,132",4.687,Q2,1.07,99.07%
Journal of Grid Computing,J GRID COMPUT,1570-7873,1572-9184,"COMPUTER SCIENCE, INFORMATION SYSTEMS - SCIE; COMPUTER SCIENCE, THEORY & METHODS - SCIE","1,120",4.674,Q1,1.19,18.66%
npj Systems Biology and Applications,NPJ SYST BIOL APPL,N/A,2056-7189,MATHEMATICAL & COMPUTATIONAL BIOLOGY - SCIE,975,4.671,Q1,1.19,98.29%
ACM TRANSACTIONS ON INFORMATION SYSTEMS,ACM T INFORM SYST,1046-8188,1558-2868,"COMPUTER SCIENCE, INFORMATION SYSTEMS - SCIE","2,407",4.657,Q2,1.3,0%
EJNMMI Physics,EJNMMI PHYS,2197-7364,2197-7364,"RADIOLOGY, NUCLEAR MEDICINE & MEDICAL IMAGING - SCIE","1,216",4.654,Q2,1.06,99.45%
JOURNAL OF COMPUTATIONAL PHYSICS,J COMPUT PHYS,0021-9991,1090-2716,"COMPUTER SCIENCE, INTERDISCIPLINARY APPLICATIONS - SCIE","68,920",4.645,Q2,1.21,4.96%
Quantitative Imaging in Medicine and Surgery,QUANT IMAG MED SURG,2223-4292,2223-4306,"RADIOLOGY, NUCLEAR MEDICINE & MEDICAL IMAGING - SCIE","3,492",4.63,Q2,0.95,99.88%
JOURNAL OF NEURORADIOLOGY,J NEURORADIOLOGY,0150-9861,1773-0406,"RADIOLOGY, NUCLEAR MEDICINE & MEDICAL IMAGING - SCIE","1,789",4.6,Q2,0.83,2.47%
IEEE Transactions on Cognitive and Developmental Systems,IEEE T COGN DEV SYST,2379-8920,2379-8939,"COMPUTER SCIENCE, ARTIFICIAL INTELLIGENCE - SCIE; ROBOTICS - SCIE","1,276",4.546,Q2,0.85,2.94%
JOURNAL OF PARALLEL AND DISTRIBUTED COMPUTING,J PARALLEL DISTR COM,0743-7315,1096-0848,"COMPUTER SCIENCE, THEORY & METHODS - SCIE","4,786",4.542,Q1,1.36,4.98%
Cognitive Systems Research,COGN SYST RES,2214-4366,1389-0417,"COMPUTER SCIENCE, ARTIFICIAL INTELLIGENCE - SCIE","2,101",4.541,Q2,1,7.69%
EUROPEAN JOURNAL OF RADIOLOGY,EUR J RADIOL,0720-048X,1872-7727,"RADIOLOGY, NUCLEAR MEDICINE & MEDICAL IMAGING - SCIE","18,452",4.531,Q2,1.05,9.46%
Journal of Optical Communications and Networking,J OPT COMMUN NETW,1943-0620,1943-0639,"COMPUTER SCIENCE, HARDWARE & ARCHITECTURE - SCIE; COMPUTER SCIENCE, INFORMATION SYSTEMS - SCIE","3,529",4.508,Q1,1.37,8.15%
MEDICAL PHYSICS,MED PHYS,0094-2405,2473-4209,"RADIOLOGY, NUCLEAR MEDICINE & MEDICAL IMAGING - SCIE","34,047",4.506,Q2,1.08,13.09%
TELECOMMUNICATIONS POLICY,TELECOMMUN POLICY,0308-5961,1879-3258,INFORMATION SCIENCE & LIBRARY SCIENCE - SSCI,"3,209",4.497,Q2,1.38,7.87%
Information Technology & People,INFORM TECHNOL PEOPL,0959-3845,1758-5813,INFORMATION SCIENCE & LIBRARY SCIENCE - SSCI,"2,636",4.481,Q2,1.29,2.35%
NMR IN BIOMEDICINE,NMR BIOMED,0952-3480,1099-1492,"RADIOLOGY, NUCLEAR MEDICINE & MEDICAL IMAGING - SCIE","9,333",4.478,Q2,0.94,24.16%
FUZZY SETS AND SYSTEMS,FUZZY SET SYST,0165-0114,1872-6801,"COMPUTER SCIENCE, THEORY & METHODS - SCIE","19,849",4.462,Q1,1.83,1.55%
Database-The Journal of Biological Databases and Curation,DATABASE-OXFORD,1758-0463,1758-0463,MATHEMATICAL & COMPUTATIONAL BIOLOGY - SCIE,"5,610",4.462,Q1,0.82,97.76%
INTERNATIONAL JOURNAL OF APPROXIMATE REASONING,INT J APPROX REASON,0888-613X,1873-4731,"COMPUTER SCIENCE, ARTIFICIAL INTELLIGENCE - SCIE","5,461",4.452,Q2,0.83,6.52%
IEEE Transactions on Learning Technologies,IEEE T LEARN TECHNOL,1939-1382,1939-1382,"COMPUTER SCIENCE, INTERDISCIPLINARY APPLICATIONS - SCIE","1,612",4.433,Q2,1.39,5.10%
Big Data,BIG DATA-US,2167-6461,2167-647X,"COMPUTER SCIENCE, INTERDISCIPLINARY APPLICATIONS - SCIE; COMPUTER SCIENCE, THEORY & METHODS - SCIE",998,4.426,Q1,0.76,2.83%
INTERNATIONAL JOURNAL OF COMPUTER INTEGRATED MANUFACTURING,INT J COMPUT INTEG M,0951-192X,1362-3052,"COMPUTER SCIENCE, INTERDISCIPLINARY APPLICATIONS - SCIE","3,069",4.42,Q2,0.81,6.92%
SOCIAL SCIENCE COMPUTER REVIEW,SOC SCI COMPUT REV,0894-4393,1552-8286,"COMPUTER SCIENCE, INTERDISCIPLINARY APPLICATIONS - SCIE; INFORMATION SCIENCE & LIBRARY SCIENCE - SSCI","3,533",4.418,Q2,1.64,17.06%
Enterprise Information Systems,ENTERP INF SYST-UK,1751-7575,1751-7583,"COMPUTER SCIENCE, INFORMATION SYSTEMS - SCIE","1,918",4.407,Q2,1.09,3.45%
COMPUTER SYSTEMS SCIENCE AND ENGINEERING,COMPUT SYST SCI ENG,0267-6192,N/A,"COMPUTER SCIENCE, HARDWARE & ARCHITECTURE - SCIE; COMPUTER SCIENCE, THEORY & METHODS - SCIE",509,4.397,Q1,0.6,47.83%
International Journal of Machine Learning and Cybernetics,INT J MACH LEARN CYB,1868-8071,1868-808X,"COMPUTER SCIENCE, ARTIFICIAL INTELLIGENCE - SCIE","4,115",4.377,Q2,0.85,2.31%
Journal of Informetrics,J INFORMETR,1751-1577,1875-5879,"COMPUTER SCIENCE, INTERDISCIPLINARY APPLICATIONS - SCIE; INFORMATION SCIENCE & LIBRARY SCIENCE - SSCI","5,754",4.373,Q2,1.42,14.62%
IEEE Transactions on Control of Network Systems,IEEE T CONTROL NETW,2325-5870,2372-2533,"AUTOMATION & CONTROL SYSTEMS - SCIE; COMPUTER SCIENCE, INFORMATION SYSTEMS - SCIE","3,766",4.347,Q2,1.03,15.12%
IEEE Robotics and Automation Letters,IEEE ROBOT AUTOM LET,2377-3766,2377-3766,ROBOTICS - SCIE,"12,895",4.321,Q2,1.27,8.52%
Radiation Oncology,RADIAT ONCOL,N/A,1748-717X,"RADIOLOGY, NUCLEAR MEDICINE & MEDICAL IMAGING - SCIE","9,044",4.309,Q2,0.81,99.73%
STRUCTURAL AND MULTIDISCIPLINARY OPTIMIZATION,STRUCT MULTIDISCIP O,1615-147X,1615-1488,"COMPUTER SCIENCE, INTERDISCIPLINARY APPLICATIONS - SCIE","14,693",4.279,Q2,1.1,11.03%
IEEE Transactions on Big Data,IEEE T BIG DATA,2332-7790,2332-7790,"COMPUTER SCIENCE, INFORMATION SYSTEMS - SCIE; COMPUTER SCIENCE, THEORY & METHODS - SCIE","1,231",4.271,Q1,1.51,8.65%
Information Technology for Development,INFORM TECHNOL DEV,0268-1102,1554-0170,INFORMATION SCIENCE & LIBRARY SCIENCE - SSCI,"1,441",4.261,Q2,1.24,12%
ADVANCES IN ENGINEERING SOFTWARE,ADV ENG SOFTW,0965-9978,1873-5339,"COMPUTER SCIENCE, INTERDISCIPLINARY APPLICATIONS - SCIE; COMPUTER SCIENCE, SOFTWARE ENGINEERING - SCIE","10,407",4.255,Q1,1.28,7.17%
JOURNAL OF THE FRANKLIN INSTITUTE-ENGINEERING AND APPLIED MATHEMATICS,J FRANKLIN I,0016-0032,1879-2693,AUTOMATION & CONTROL SYSTEMS - SCIE,"14,202",4.246,Q2,1.28,0.67%
VLDB JOURNAL,VLDB J,1066-8888,0949-877X,"COMPUTER SCIENCE, HARDWARE & ARCHITECTURE - SCIE; COMPUTER SCIENCE, INFORMATION SYSTEMS - SCIE","2,372",4.243,Q2,1.08,18.54%
QUALITATIVE HEALTH RESEARCH,QUAL HEALTH RES,1049-7323,1552-7557,INFORMATION SCIENCE & LIBRARY SCIENCE - SSCI,"16,397",4.233,Q2,1.31,21.09%
USER MODELING AND USER-ADAPTED INTERACTION,USER MODEL USER-ADAP,0924-1868,1573-1391,"COMPUTER SCIENCE, CYBERNETICS - SCIE","1,374",4.23,Q2,0.73,33.33%
Radiology and Oncology,RADIOL ONCOL,1318-2099,1581-3207,"RADIOLOGY, NUCLEAR MEDICINE & MEDICAL IMAGING - SCIE","1,530",4.214,Q2,0.66,97.87%
SIMULATION MODELLING PRACTICE AND THEORY,SIMUL MODEL PRACT TH,1569-190X,1878-1462,"COMPUTER SCIENCE, INTERDISCIPLINARY APPLICATIONS - SCIE; COMPUTER SCIENCE, SOFTWARE ENGINEERING - SCIE","3,969",4.199,Q1,1.11,4.86%
Egyptian Informatics Journal,EGYPT INFORM J,1110-8665,2090-4754,"COMPUTER SCIENCE, ARTIFICIAL INTELLIGENCE - SCIE; COMPUTER SCIENCE, INFORMATION SYSTEMS - SCIE","1,037",4.195,Q2,0.96,93.33%
CANADIAN ASSOCIATION OF RADIOLOGISTS JOURNAL-JOURNAL DE L ASSOCIATION CANADIENNE DES RADIOLOGISTES,CAN ASSOC RADIOL J,0846-5371,1488-2361,"RADIOLOGY, NUCLEAR MEDICINE & MEDICAL IMAGING - SCIE","1,545",4.186,Q2,0.88,8.06%
JOURNAL OF COMPUTER-AIDED MOLECULAR DESIGN,J COMPUT AID MOL DES,0920-654X,1573-4951,"COMPUTER SCIENCE, INTERDISCIPLINARY APPLICATIONS - SCIE","6,384",4.179,Q2,0.84,18.25%
CHEMOMETRICS AND INTELLIGENT LABORATORY SYSTEMS,CHEMOMETR INTELL LAB,0169-7439,1873-3239,"AUTOMATION & CONTROL SYSTEMS - SCIE; COMPUTER SCIENCE, ARTIFICIAL INTELLIGENCE - SCIE","12,344",4.175,Q2,1.1,6.94%
PHYSICS IN MEDICINE AND BIOLOGY,PHYS MED BIOL,0031-9155,1361-6560,"RADIOLOGY, NUCLEAR MEDICINE & MEDICAL IMAGING - SCIE","32,475",4.174,Q2,0.92,15.16%
ACM Transactions on Knowledge Discovery from Data,ACM T KNOWL DISCOV D,1556-4681,1556-472X,"COMPUTER SCIENCE, INFORMATION SYSTEMS - SCIE; COMPUTER SCIENCE, SOFTWARE ENGINEERING - SCIE","2,538",4.157,Q1,1.01,0.69%
COMPUTERS & ELECTRICAL ENGINEERING,COMPUT ELECTR ENG,0045-7906,1879-0755,"COMPUTER SCIENCE, HARDWARE & ARCHITECTURE - SCIE; COMPUTER SCIENCE, INTERDISCIPLINARY APPLICATIONS - SCIE","7,896",4.152,Q2,0.99,1.81%
IEEE Consumer Electronics Magazine,IEEE CONSUM ELECTR M,2162-2248,2162-2256,"COMPUTER SCIENCE, HARDWARE & ARCHITECTURE - SCIE","1,709",4.135,Q2,0.95,2.58%
COMPUTERS & CHEMICAL ENGINEERING,COMPUT CHEM ENG,0098-1354,1873-4375,"COMPUTER SCIENCE, INTERDISCIPLINARY APPLICATIONS - SCIE","16,720",4.13,Q2,0.82,7.72%
Computational Visual Media,COMPUT VIS MEDIA,2096-0433,2096-0662,"COMPUTER SCIENCE, SOFTWARE ENGINEERING - SCIE",503,4.127,Q1,0.9,100%
IEEE Transactions on Human-Machine Systems,IEEE T HUM-MACH SYST,2168-2291,2168-2305,"COMPUTER SCIENCE, ARTIFICIAL INTELLIGENCE - SCIE; COMPUTER SCIENCE, CYBERNETICS - SCIE","2,333",4.124,Q2,0.67,11.06%
ACM Transactions on Computer-Human Interaction,ACM T COMPUT-HUM INT,1073-0516,1557-7325,"COMPUTER SCIENCE, CYBERNETICS - SCIE; COMPUTER SCIENCE, INFORMATION SYSTEMS - SCIE","1,960",4.106,Q2,0.79,0%
ACM Transactions on Multimedia Computing Communications and Applications,ACM T MULTIM COMPUT,1551-6857,1551-6865,"COMPUTER SCIENCE, INFORMATION SYSTEMS - SCIE; COMPUTER SCIENCE, SOFTWARE ENGINEERING - SCIE; COMPUTER SCIENCE, THEORY & METHODS - SCIE","2,183",4.094,Q1,1.2,0%
International Journal of Fuzzy Systems,INT J FUZZY SYST,1562-2479,2199-3211,"AUTOMATION & CONTROL SYSTEMS - SCIE; COMPUTER SCIENCE, ARTIFICIAL INTELLIGENCE - SCIE; COMPUTER SCIENCE, INFORMATION SYSTEMS - SCIE","3,795",4.085,Q2,1.01,1.91%
BioData Mining,BIODATA MIN,1756-0381,1756-0381,MATHEMATICAL & COMPUTATIONAL BIOLOGY - SCIE,"1,075",4.079,Q1,0.72,98.85%
ULTRASONICS,ULTRASONICS,0041-624X,1874-9968,"RADIOLOGY, NUCLEAR MEDICINE & MEDICAL IMAGING - SCIE","10,209",4.062,Q2,1.14,5.52%
CONTROL ENGINEERING PRACTICE,CONTROL ENG PRACT,0967-0661,1873-6939,AUTOMATION & CONTROL SYSTEMS - SCIE,"9,585",4.057,Q2,0.97,4.41%
Molecular Informatics,MOL INFORM,1868-1743,1868-1751,"COMPUTER SCIENCE, INTERDISCIPLINARY APPLICATIONS - SCIE; MATHEMATICAL & COMPUTATIONAL BIOLOGY - SCIE","2,155",4.05,Q1,1.15,12.98%
STRAHLENTHERAPIE UND ONKOLOGIE,STRAHLENTHER ONKOL,0179-7158,1439-099X,"RADIOLOGY, NUCLEAR MEDICINE & MEDICAL IMAGING - SCIE","4,084",4.033,Q2,0.79,37.90%
ACM Transactions on Internet Technology,ACM T INTERNET TECHN,1533-5399,1557-6051,"COMPUTER SCIENCE, INFORMATION SYSTEMS - SCIE; COMPUTER SCIENCE, SOFTWARE ENGINEERING - SCIE","1,257",3.989,Q1,1.07,0%
JOURNAL OF PROCESS CONTROL,J PROCESS CONTR,0959-1524,1873-2771,AUTOMATION & CONTROL SYSTEMS - SCIE,"7,606",3.951,Q2,0.78,5.84%
MATHEMATICAL BIOSCIENCES,MATH BIOSCI,0025-5564,1879-3134,MATHEMATICAL & COMPUTATIONAL BIOLOGY - SCIE,"8,137",3.935,Q1,0.87,5.98%
JOURNAL OF COMMUNICATIONS AND NETWORKS,J COMMUN NETW-S KOR,1229-2370,1976-5541,"COMPUTER SCIENCE, INFORMATION SYSTEMS - SCIE","1,188",3.908,Q2,0.91,99.22%
INTERNATIONAL JOURNAL OF ROBUST AND NONLINEAR CONTROL,INT J ROBUST NONLIN,1049-8923,1099-1239,AUTOMATION & CONTROL SYSTEMS - SCIE,"11,679",3.897,Q2,1.31,4.37%
INFORMATION SYSTEMS MANAGEMENT,INFORM SYST MANAGE,1058-0530,1934-8703,"COMPUTER SCIENCE, INFORMATION SYSTEMS - SCIE","1,344",3.882,Q2,0.83,8.16%
JOURNAL OF NUCLEAR CARDIOLOGY,J NUCL CARDIOL,1071-3581,1532-6551,"RADIOLOGY, NUCLEAR MEDICINE & MEDICAL IMAGING - SCIE","5,958",3.872,Q2,0.9,16.41%
BULLETIN OF MATHEMATICAL BIOLOGY,B MATH BIOL,0092-8240,1522-9602,MATHEMATICAL & COMPUTATIONAL BIOLOGY - SCIE,"6,593",3.871,Q2,0.91,24.55%
International Journal on Document Analysis and Recognition,INT J DOC ANAL RECOG,1433-2833,1433-2825,"COMPUTER SCIENCE, ARTIFICIAL INTELLIGENCE - SCIE",930,3.87,Q2,0.56,12%
INFORMATION AND SOFTWARE TECHNOLOGY,INFORM SOFTWARE TECH,0950-5849,1873-6025,"COMPUTER SCIENCE, INFORMATION SYSTEMS - SCIE; COMPUTER SCIENCE, SOFTWARE ENGINEERING - SCIE","6,537",3.862,Q1,1.04,9.80%
CMC-Computers Materials & Continua,CMC-COMPUT MATER CON,1546-2218,1546-2226,"COMPUTER SCIENCE, INFORMATION SYSTEMS - SCIE","4,859",3.86,Q2,0.84,95.45%
IMAGE AND VISION COMPUTING,IMAGE VISION COMPUT,0262-8856,1872-8138,"COMPUTER SCIENCE, ARTIFICIAL INTELLIGENCE - SCIE; COMPUTER SCIENCE, SOFTWARE ENGINEERING - SCIE; COMPUTER SCIENCE, THEORY & METHODS - SCIE","6,254",3.86,Q1,0.99,3.59%
Pervasive and Mobile Computing,PERVASIVE MOB COMPUT,1574-1192,1873-1589,"COMPUTER SCIENCE, INFORMATION SYSTEMS - SCIE","2,479",3.848,Q2,0.81,6.67%
Journal of Computational Science,J COMPUT SCI-NETH,1877-7503,1877-7511,"COMPUTER SCIENCE, INTERDISCIPLINARY APPLICATIONS - SCIE; COMPUTER SCIENCE, THEORY & METHODS - SCIE","3,947",3.817,Q1,0.99,10.61%
International Journal of Social Robotics,INT J SOC ROBOT,1875-4791,1875-4805,ROBOTICS - SCIE,"3,345",3.802,Q2,1.07,36.26%
SCIENTOMETRICS,SCIENTOMETRICS,0138-9130,1588-2861,"COMPUTER SCIENCE, INTERDISCIPLINARY APPLICATIONS - SCIE; INFORMATION SCIENCE & LIBRARY SCIENCE - SSCI","18,464",3.801,Q2,0.91,20.55%
IEEE-ACM TRANSACTIONS ON NETWORKING,IEEE ACM T NETWORK,1063-6692,1558-2566,"COMPUTER SCIENCE, HARDWARE & ARCHITECTURE - SCIE; COMPUTER SCIENCE, THEORY & METHODS - SCIE","8,721",3.796,Q1,1.05,15.42%
Health Information Management Journal,HEALTH INF MANAG J,1833-3583,1833-3575,MEDICAL INFORMATICS - SCIE,582,3.778,Q2,0.77,7.46%
EMPIRICAL SOFTWARE ENGINEERING,EMPIR SOFTW ENG,1382-3256,1573-7616,"COMPUTER SCIENCE, SOFTWARE ENGINEERING - SCIE","3,996",3.762,Q1,1.35,27.60%
IEEE TRANSACTIONS ON PARALLEL AND DISTRIBUTED SYSTEMS,IEEE T PARALL DISTR,1045-9219,1558-2183,"COMPUTER SCIENCE, THEORY & METHODS - SCIE","9,739",3.757,Q1,1.01,7.03%
INTERNATIONAL JOURNAL OF HYPERTHERMIA,INT J HYPERTHER,0265-6736,1464-5157,"RADIOLOGY, NUCLEAR MEDICINE & MEDICAL IMAGING - SCIE","6,888",3.753,Q2,0.84,98.14%
Big Data Research,BIG DATA RES,2214-5796,2214-5796,"COMPUTER SCIENCE, ARTIFICIAL INTELLIGENCE - SCIE; COMPUTER SCIENCE, INFORMATION SYSTEMS - SCIE; COMPUTER SCIENCE, THEORY & METHODS - SCIE",740,3.739,Q2,0.75,12.71%
Frontiers in Neuroinformatics,FRONT NEUROINFORM,N/A,1662-5196,MATHEMATICAL & COMPUTATIONAL BIOLOGY - SCIE,"4,037",3.739,Q2,0.92,99.01%
MAGNETIC RESONANCE IN MEDICINE,MAGN RESON MED,0740-3194,1522-2594,"RADIOLOGY, NUCLEAR MEDICINE & MEDICAL IMAGING - SCIE","37,122",3.737,Q2,1.09,25.92%
COMPUTATIONAL BIOLOGY AND CHEMISTRY,COMPUT BIOL CHEM,1476-9271,1476-928X,"COMPUTER SCIENCE, INTERDISCIPLINARY APPLICATIONS - SCIE","3,433",3.737,Q2,0.75,4.07%
SOFT COMPUTING,SOFT COMPUT,1432-7643,1433-7479,"COMPUTER SCIENCE, ARTIFICIAL INTELLIGENCE - SCIE; COMPUTER SCIENCE, INTERDISCIPLINARY APPLICATIONS - SCIE","17,142",3.732,Q2,0.8,3.59%
Swarm Intelligence,SWARM INTELL-US,1935-3812,1935-3820,"COMPUTER SCIENCE, ARTIFICIAL INTELLIGENCE - SCIE; ROBOTICS - SCIE","1,021",3.727,Q2,0.98,38.10%
COMPUTER STANDARDS & INTERFACES,COMPUT STAND INTER,0920-5489,1872-7018,"COMPUTER SCIENCE, HARDWARE & ARCHITECTURE - SCIE; COMPUTER SCIENCE, SOFTWARE ENGINEERING - SCIE","1,933",3.721,Q1,1.01,5.10%
IEEE-ACM Transactions on Computational Biology and Bioinformatics,IEEE ACM T COMPUT BI,1545-5963,1557-9964,"COMPUTER SCIENCE, INTERDISCIPLINARY APPLICATIONS - SCIE","5,332",3.702,Q3,1.25,5.99%
ROBOTICS AND AUTONOMOUS SYSTEMS,ROBOT AUTON SYST,0921-8890,1872-793X,"AUTOMATION & CONTROL SYSTEMS - SCIE; COMPUTER SCIENCE, ARTIFICIAL INTELLIGENCE - SCIE; ROBOTICS - SCIE","8,569",3.7,Q2,0.84,5.87%
ULTRASOUND IN MEDICINE AND BIOLOGY,ULTRASOUND MED BIOL,0301-5629,1879-291X,"RADIOLOGY, NUCLEAR MEDICINE & MEDICAL IMAGING - SCIE","14,270",3.694,Q2,0.94,12.39%
ACM TRANSACTIONS ON SOFTWARE ENGINEERING AND METHODOLOGY,ACM T SOFTW ENG METH,1049-331X,1557-7392,"COMPUTER SCIENCE, SOFTWARE ENGINEERING - SCIE","1,296",3.685,Q1,1.39,0%
International Journal of Critical Infrastructure Protection,INT J CRIT INFR PROT,1874-5482,2212-2087,"COMPUTER SCIENCE, INFORMATION SYSTEMS - SCIE",886,3.683,Q2,1.02,8.26%
JOURNAL OF VASCULAR AND INTERVENTIONAL RADIOLOGY,J VASC INTERV RADIOL,1051-0443,1535-7732,"RADIOLOGY, NUCLEAR MEDICINE & MEDICAL IMAGING - SCIE","12,142",3.682,Q2,0.76,3.52%
SAR AND QSAR IN ENVIRONMENTAL RESEARCH,SAR QSAR ENVIRON RES,1062-936X,1029-046X,"COMPUTER SCIENCE, INTERDISCIPLINARY APPLICATIONS - SCIE; MATHEMATICAL & COMPUTATIONAL BIOLOGY - SCIE","1,555",3.681,Q2,0.71,3.52%
Journal of Ambient Intelligence and Humanized Computing,J AMB INTEL HUM COMP,1868-5137,1868-5145,"COMPUTER SCIENCE, ARTIFICIAL INTELLIGENCE - SCIE; COMPUTER SCIENCE, INFORMATION SYSTEMS - SCIE","8,357",3.662,Q2,0.94,3.22%
COMPUTER-AIDED DESIGN,COMPUT AIDED DESIGN,0010-4485,1879-2685,"COMPUTER SCIENCE, SOFTWARE ENGINEERING - SCIE","6,430",3.652,Q1,1.05,6.14%
JOURNAL OF ARTIFICIAL INTELLIGENCE RESEARCH,J ARTIF INTELL RES,1076-9757,1943-5037,"COMPUTER SCIENCE, ARTIFICIAL INTELLIGENCE - SCIE","7,528",3.635,Q2,0.69,25.41%
Ethics and Information Technology,ETHICS INF TECHNOL,1388-1957,1572-8439,INFORMATION SCIENCE & LIBRARY SCIENCE - SSCI,"1,876",3.633,Q2,3.11,51.66%
CANCER BIOTHERAPY AND RADIOPHARMACEUTICALS,CANCER BIOTHER RADIO,1084-9785,1557-8852,"RADIOLOGY, NUCLEAR MEDICINE & MEDICAL IMAGING - SCIE","3,008",3.632,Q2,0.81,3.71%
BRITISH JOURNAL OF RADIOLOGY,BRIT J RADIOL,0007-1285,1748-880X,"RADIOLOGY, NUCLEAR MEDICINE & MEDICAL IMAGING - SCIE","14,769",3.629,Q2,0.76,12.66%
MATHEMATICS AND COMPUTERS IN SIMULATION,MATH COMPUT SIMULAT,0378-4754,1872-7166,"COMPUTER SCIENCE, INTERDISCIPLINARY APPLICATIONS - SCIE; COMPUTER SCIENCE, SOFTWARE ENGINEERING - SCIE","6,834",3.601,Q1,1.26,1.41%
Profesional de la Informacion,PROF INFORM,1386-6710,1699-2407,INFORMATION SCIENCE & LIBRARY SCIENCE - SSCI,"2,298",3.596,Q2,1.26,0.24%
JOURNAL OF BIOMEDICAL OPTICS,J BIOMED OPT,1083-3668,1560-2281,"RADIOLOGY, NUCLEAR MEDICINE & MEDICAL IMAGING - SCIE","16,256",3.582,Q2,0.87,98.95%
Memetic Computing,MEMET COMPUT,1865-9284,1865-9292,"COMPUTER SCIENCE, ARTIFICIAL INTELLIGENCE - SCIE",814,3.577,Q2,1.08,4.82%
INTERNATIONAL JOURNAL OF ADVANCED MANUFACTURING TECHNOLOGY,INT J ADV MANUF TECH,0268-3768,1433-3015,AUTOMATION & CONTROL SYSTEMS - SCIE,"52,453",3.563,Q2,0.67,8.87%
Biomedical Optics Express,BIOMED OPT EXPRESS,2156-7085,N/A,"RADIOLOGY, NUCLEAR MEDICINE & MEDICAL IMAGING - SCIE","14,709",3.562,Q2,1.07,100%
Proceedings of the VLDB Endowment,PROC VLDB ENDOW,2150-8097,2150-8097,"COMPUTER SCIENCE, INFORMATION SYSTEMS - SCIE; COMPUTER SCIENCE, THEORY & METHODS - SCIE","10,242",3.557,Q2,0.96,0%
Health Information and Libraries Journal,HEALTH INFO LIBR J,1471-1834,1471-1842,INFORMATION SCIENCE & LIBRARY SCIENCE - SSCI,"1,952",3.55,Q2,0.78,12.70%
DENTOMAXILLOFACIAL RADIOLOGY,DENTOMAXILLOFAC RAD,0250-832X,1476-542X,"RADIOLOGY, NUCLEAR MEDICINE & MEDICAL IMAGING - SCIE","4,141",3.525,Q2,0.95,7.11%
TSINGHUA SCIENCE AND TECHNOLOGY,TSINGHUA SCI TECHNOL,1007-0214,1878-7606,"COMPUTER SCIENCE, INFORMATION SYSTEMS - SCIE; COMPUTER SCIENCE, SOFTWARE ENGINEERING - SCIE","1,848",3.515,Q2,0.86,100%
JOURNAL OF SYSTEMS AND SOFTWARE,J SYST SOFTWARE,0164-1212,1873-1228,"COMPUTER SCIENCE, SOFTWARE ENGINEERING - SCIE; COMPUTER SCIENCE, THEORY & METHODS - SCIE","7,681",3.514,Q2,1.11,12.93%
INTERNATIONAL JOURNAL OF INFORMATION TECHNOLOGY & DECISION MAKING,INT J INF TECH DECIS,0219-6220,1793-6845,"COMPUTER SCIENCE, ARTIFICIAL INTELLIGENCE - SCIE; COMPUTER SCIENCE, INFORMATION SYSTEMS - SCIE; COMPUTER SCIENCE, INTERDISCIPLINARY APPLICATIONS - SCIE","1,705",3.508,Q2,0.58,2.29%
MICROPROCESSORS AND MICROSYSTEMS,MICROPROCESS MICROSY,0141-9331,1872-9436,"COMPUTER SCIENCE, HARDWARE & ARCHITECTURE - SCIE; COMPUTER SCIENCE, THEORY & METHODS - SCIE","3,067",3.503,Q2,0.66,1.44%
Frontiers in Neurorobotics,FRONT NEUROROBOTICS,1662-5218,1662-5218,"COMPUTER SCIENCE, ARTIFICIAL INTELLIGENCE - SCIE; ROBOTICS - SCIE","2,087",3.493,Q2,0.64,99.49%
Interdisciplinary Sciences-Computational Life Sciences,INTERDISCIP SCI,1913-2751,1867-1462,MATHEMATICAL & COMPUTATIONAL BIOLOGY - SCIE,"1,021",3.492,Q2,0.75,3.30%
IEEE MULTIMEDIA,IEEE MULTIMEDIA,1070-986X,1941-0166,"COMPUTER SCIENCE, HARDWARE & ARCHITECTURE - SCIE; COMPUTER SCIENCE, INFORMATION SYSTEMS - SCIE; COMPUTER SCIENCE, SOFTWARE ENGINEERING - SCIE; COMPUTER SCIENCE, THEORY & METHODS - SCIE","1,198",3.491,Q2,1.09,0%
MOLECULAR IMAGING AND BIOLOGY,MOL IMAGING BIOL,1536-1632,1860-2002,"RADIOLOGY, NUCLEAR MEDICINE & MEDICAL IMAGING - SCIE","3,793",3.488,Q2,0.91,25.99%
Peer-to-Peer Networking and Applications,PEER PEER NETW APPL,1936-6442,1936-6450,"COMPUTER SCIENCE, INFORMATION SYSTEMS - SCIE","2,707",3.488,Q2,1.01,3.15%
IEEE Access,IEEE ACCESS,2169-3536,2169-3536,"COMPUTER SCIENCE, INFORMATION SYSTEMS - SCIE","173,341",3.476,Q2,0.93,99.52%
Journal of Global Information Management,J GLOB INF MANAG,1062-7375,1533-7995,INFORMATION SCIENCE & LIBRARY SCIENCE - SSCI,961,3.474,Q2,0.84,73.50%
Journal of Global Information Technology Management,J GLOB INF TECH MAN,1097-198X,2333-6846,INFORMATION SCIENCE & LIBRARY SCIENCE - SSCI,524,3.444,Q2,0.95,2.63%
FOUNDATIONS OF COMPUTATIONAL MATHEMATICS,FOUND COMPUT MATH,1615-3375,1615-3383,"COMPUTER SCIENCE, THEORY & METHODS - SCIE","2,315",3.439,Q2,1.91,39.75%
Practical Radiation Oncology,PRACT RADIAT ONCOL,1879-8500,1879-8500,"RADIOLOGY, NUCLEAR MEDICINE & MEDICAL IMAGING - SCIE","3,081",3.439,Q2,0.74,7.54%
EJNMMI Research,EJNMMI RES,2191-219X,2191-219X,"RADIOLOGY, NUCLEAR MEDICINE & MEDICAL IMAGING - SCIE","2,946",3.434,Q2,0.83,99.74%
INFORMATICA,INFORMATICA-LITHUAN,0868-4952,1822-8844,"COMPUTER SCIENCE, INFORMATION SYSTEMS - SCIE","1,055",3.429,Q2,1,79.46%
International Journal of Computer Assisted Radiology and Surgery,INT J COMPUT ASS RAD,1861-6410,1861-6429,"RADIOLOGY, NUCLEAR MEDICINE & MEDICAL IMAGING - SCIE","4,904",3.421,Q2,0.94,27.49%
Journal of Cloud Computing-Advances Systems and Applications,J CLOUD COMPUT-ADV S,N/A,2192-113X,"COMPUTER SCIENCE, INFORMATION SYSTEMS - SCIE",818,3.418,Q2,0.91,100%
INTELLIGENT AUTOMATION AND SOFT COMPUTING,INTELL AUTOM SOFT CO,1079-8587,2326-005X,"AUTOMATION & CONTROL SYSTEMS - SCIE; COMPUTER SCIENCE, ARTIFICIAL INTELLIGENCE - SCIE","1,307",3.401,Q2,0.42,75.65%
CLINICAL RADIOLOGY,CLIN RADIOL,0009-9260,1365-229X,"RADIOLOGY, NUCLEAR MEDICINE & MEDICAL IMAGING - SCIE","9,229",3.389,Q2,0.68,4.08%
Frontiers in Computational Neuroscience,FRONT COMPUT NEUROSC,N/A,1662-5188,MATHEMATICAL & COMPUTATIONAL BIOLOGY - SCIE,"3,950",3.387,Q2,0.69,99.08%
MECHATRONICS,MECHATRONICS,0957-4158,0957-4158,AUTOMATION & CONTROL SYSTEMS - SCIE; ROBOTICS - SCIE,"5,448",3.379,Q2,0.91,9.76%
RADIATION RESEARCH,RADIAT RES,0033-7587,1938-5404,"RADIOLOGY, NUCLEAR MEDICINE & MEDICAL IMAGING - SCIE","10,929",3.372,Q2,0.73,0.30%
INTERNATIONAL JOURNAL OF ADAPTIVE CONTROL AND SIGNAL PROCESSING,INT J ADAPT CONTROL,0890-6327,1099-1115,AUTOMATION & CONTROL SYSTEMS - SCIE,"2,652",3.369,Q2,0.71,1.03%
JMIR Serious Games,JMIR SERIOUS GAMES,2291-9279,2291-9279,MEDICAL INFORMATICS - SCIE,965,3.364,Q3,0.85,99.54%
INTERNATIONAL JOURNAL OF RADIATION BIOLOGY,INT J RADIAT BIOL,0955-3002,1362-3095,"RADIOLOGY, NUCLEAR MEDICINE & MEDICAL IMAGING - SCIE","6,820",3.352,Q3,0.83,13.43%
ACM Transactions on the Web,ACM T WEB,1559-1131,1559-114X,"COMPUTER SCIENCE, INFORMATION SYSTEMS - SCIE; COMPUTER SCIENCE, SOFTWARE ENGINEERING - SCIE",850,3.35,Q2,0.82,0%
Diagnostic and Interventional Radiology,DIAGN INTERV RADIOL,N/A,1305-3612,"RADIOLOGY, NUCLEAR MEDICINE & MEDICAL IMAGING - SCIE","2,325",3.346,Q3,0.69,0%
BMC BIOINFORMATICS,BMC BIOINFORMATICS,1471-2105,1471-2105,MATHEMATICAL & COMPUTATIONAL BIOLOGY - SCIE,"50,683",3.327,Q2,0.82,99.68%
BEHAVIOUR & INFORMATION TECHNOLOGY,BEHAV INFORM TECHNOL,0144-929X,1362-3001,"COMPUTER SCIENCE, CYBERNETICS - SCIE","4,675",3.32,Q2,0.6,8.71%
JOURNAL OF COMPUTER INFORMATION SYSTEMS,J COMPUT INFORM SYST,0887-4417,2380-2057,"COMPUTER SCIENCE, INFORMATION SYSTEMS - SCIE","2,490",3.317,Q3,0.89,1.61%
BMC Medical Informatics and Decision Making,BMC MED INFORM DECIS,N/A,1472-6947,MEDICAL INFORMATICS - SCIE,"7,894",3.298,Q3,0.71,99.49%
International Journal of Bio-Inspired Computation,INT J BIO-INSPIR COM,1758-0366,1758-0374,"COMPUTER SCIENCE, ARTIFICIAL INTELLIGENCE - SCIE; COMPUTER SCIENCE, THEORY & METHODS - SCIE","1,295",3.295,Q2,0.81,0%
INFORMS JOURNAL ON COMPUTING,INFORMS J COMPUT,1091-9856,1526-5528,"COMPUTER SCIENCE, INTERDISCIPLINARY APPLICATIONS - SCIE","2,941",3.288,Q3,0.56,0%
NEURAL COMPUTATION,NEURAL COMPUT,0899-7667,1530-888X,"COMPUTER SCIENCE, ARTIFICIAL INTELLIGENCE - SCIE","22,519",3.278,Q3,0.5,5.20%
Journal of the Association for Information Science and Technology,J ASSOC INF SCI TECH,2330-1635,2330-1643,"COMPUTER SCIENCE, INFORMATION SYSTEMS - SCIE; INFORMATION SCIENCE & LIBRARY SCIENCE - SSCI","4,561",3.275,Q2,0.66,19.47%
AUTONOMOUS ROBOTS,AUTON ROBOT,0929-5593,1573-7527,"COMPUTER SCIENCE, ARTIFICIAL INTELLIGENCE - SCIE; ROBOTICS - SCIE","4,629",3.255,Q3,0.87,21%
COMPUTER SPEECH AND LANGUAGE,COMPUT SPEECH LANG,0885-2308,1095-8363,"COMPUTER SCIENCE, ARTIFICIAL INTELLIGENCE - SCIE","2,014",3.252,Q3,0.58,9.62%
Molecular Imaging,MOL IMAGING,N/A,1536-0121,"RADIOLOGY, NUCLEAR MEDICINE & MEDICAL IMAGING - SCIE","1,285",3.25,Q3,0.7,98.18%
JMIR Medical Informatics,JMIR MED INF,N/A,2291-9694,MEDICAL INFORMATICS - SCIE,"2,180",3.228,Q3,0.62,100%
LIBRARY & INFORMATION SCIENCE RESEARCH,LIBR INFORM SCI RES,0740-8188,1873-1848,INFORMATION SCIENCE & LIBRARY SCIENCE - SSCI,"1,599",3.209,Q2,0.8,8%
SOFTWARE-PRACTICE & EXPERIENCE,SOFTWARE PRACT EXPER,0038-0644,1097-024X,"COMPUTER SCIENCE, SOFTWARE ENGINEERING - SCIE","2,921",3.2,Q2,0.92,7.12%
IEEE TRANSACTIONS ON COMPUTERS,IEEE T COMPUT,0018-9340,1557-9956,"COMPUTER SCIENCE, HARDWARE & ARCHITECTURE - SCIE","9,821",3.183,Q2,0.77,7.16%
INFORMATION SYSTEMS,INFORM SYST,0306-4379,1873-6076,"COMPUTER SCIENCE, INFORMATION SYSTEMS - SCIE","3,032",3.18,Q3,0.93,7.90%
Clinical Neuroradiology,CLIN NEURORADIOL,1869-1439,1869-1447,"RADIOLOGY, NUCLEAR MEDICINE & MEDICAL IMAGING - SCIE","1,681",3.156,Q3,0.8,27.59%
MAGNETIC RESONANCE IMAGING,MAGN RESON IMAGING,0730-725X,1873-5894,"RADIOLOGY, NUCLEAR MEDICINE & MEDICAL IMAGING - SCIE","9,251",3.13,Q3,0.74,8.66%
JOURNAL OF INTELLIGENT & ROBOTIC SYSTEMS,J INTELL ROBOT SYST,0921-0296,1573-0409,"COMPUTER SCIENCE, ARTIFICIAL INTELLIGENCE - SCIE; ROBOTICS - SCIE","5,397",3.129,Q3,0.72,12.57%
Computational Intelligence and Neuroscience,COMPUT INTEL NEUROSC,1687-5265,1687-5273,MATHEMATICAL & COMPUTATIONAL BIOLOGY - SCIE,"5,672",3.12,Q2,0.73,97.97%
Physica Medica-European Journal of Medical Physics,PHYS MEDICA,1120-1797,1724-191X,"RADIOLOGY, NUCLEAR MEDICINE & MEDICAL IMAGING - SCIE","5,524",3.119,Q3,0.77,9.52%
Mathematical Modelling of Natural Phenomena,MATH MODEL NAT PHENO,0973-5348,1760-6101,MATHEMATICAL & COMPUTATIONAL BIOLOGY - SCIE,"1,286",3.117,Q2,1.31,64.41%
Semantic Web,SEMANT WEB,1570-0844,2210-4968,"COMPUTER SCIENCE, ARTIFICIAL INTELLIGENCE - SCIE; COMPUTER SCIENCE, INFORMATION SYSTEMS - SCIE; COMPUTER SCIENCE, THEORY & METHODS - SCIE","1,355",3.105,Q2,0.78,5.97%
IEEE Transactions on Haptics,IEEE T HAPTICS,1939-1412,2329-4051,"COMPUTER SCIENCE, CYBERNETICS - SCIE","2,008",3.105,Q2,0.47,9.44%
IEEE SECURITY & PRIVACY,IEEE SECUR PRIV,1540-7993,1558-4046,"COMPUTER SCIENCE, INFORMATION SYSTEMS - SCIE; COMPUTER SCIENCE, SOFTWARE ENGINEERING - SCIE","2,308",3.105,Q2,0.87,10.53%
ISPRS International Journal of Geo-Information,ISPRS INT J GEO-INF,N/A,2220-9964,"COMPUTER SCIENCE, INFORMATION SYSTEMS - SCIE","9,360",3.099,Q3,0.76,96.73%
Informatics for Health & Social Care,INFORM HEALTH SOC CA,1753-8157,1753-8165,MEDICAL INFORMATICS - SCIE,686,3.082,Q3,0.73,11.86%
MEDICAL & BIOLOGICAL ENGINEERING & COMPUTING,MED BIOL ENG COMPUT,0140-0118,1741-0444,"COMPUTER SCIENCE, INTERDISCIPLINARY APPLICATIONS - SCIE; MATHEMATICAL & COMPUTATIONAL BIOLOGY - SCIE; MEDICAL INFORMATICS - SCIE","7,588",3.079,Q2,0.66,8.49%
COMPUTERS & FLUIDS,COMPUT FLUIDS,0045-7930,1879-0747,"COMPUTER SCIENCE, INTERDISCIPLINARY APPLICATIONS - SCIE","14,152",3.077,Q3,0.67,5.31%
MOBILE NETWORKS & APPLICATIONS,MOBILE NETW APPL,1383-469X,1572-8153,"COMPUTER SCIENCE, HARDWARE & ARCHITECTURE - SCIE; COMPUTER SCIENCE, INFORMATION SYSTEMS - SCIE","3,457",3.077,Q2,0.87,5.59%
DISPLAYS,DISPLAYS,0141-9382,1872-7387,"COMPUTER SCIENCE, HARDWARE & ARCHITECTURE - SCIE","1,520",3.074,Q2,0.67,3.50%
BIOLOGICAL CYBERNETICS,BIOL CYBERN,0340-1200,1432-0770,"COMPUTER SCIENCE, CYBERNETICS - SCIE","5,217",3.072,Q3,0.48,36.28%
Advances in Computers,ADV COMPUT,0065-2458,N/A,"COMPUTER SCIENCE, HARDWARE & ARCHITECTURE - SCIE; COMPUTER SCIENCE, SOFTWARE ENGINEERING - SCIE",789,3.067,Q2,0.85,0%
MATHEMATICAL PROGRAMMING,MATH PROGRAM,0025-5610,1436-4646,"COMPUTER SCIENCE, SOFTWARE ENGINEERING - SCIE","13,781",3.06,Q2,1.28,21.20%
JOURNAL OF HYDROINFORMATICS,J HYDROINFORM,1464-7141,1465-1734,"COMPUTER SCIENCE, INTERDISCIPLINARY APPLICATIONS - SCIE","2,652",3.058,Q3,0.68,40.23%
Knowledge Management Research & Practice,KNOWL MAN RES PRACT,1477-8238,1477-8246,INFORMATION SCIENCE & LIBRARY SCIENCE - SSCI,"1,754",3.054,Q2,0.78,8.19%
BIOMETRIKA,BIOMETRIKA,0006-3444,1464-3510,MATHEMATICAL & COMPUTATIONAL BIOLOGY - SCIE,"28,961",3.028,Q2,0.85,5.93%
Contrast Media & Molecular Imaging,CONTRAST MEDIA MOL I,1555-4309,1555-4317,"RADIOLOGY, NUCLEAR MEDICINE & MEDICAL IMAGING - SCIE","2,093",3.009,Q3,0.68,98.66%
PEDIATRIC RADIOLOGY,PEDIATR RADIOL,0301-0449,1432-1998,"RADIOLOGY, NUCLEAR MEDICINE & MEDICAL IMAGING - SCIE","9,139",3.005,Q3,0.85,10.91%
WORLD WIDE WEB-INTERNET AND WEB INFORMATION SYSTEMS,WORLD WIDE WEB,1386-145X,1573-1413,"COMPUTER SCIENCE, INFORMATION SYSTEMS - SCIE; COMPUTER SCIENCE, SOFTWARE ENGINEERING - SCIE","1,698",3,Q2,1.01,4.89%
IEEE SOFTWARE,IEEE SOFTWARE,0740-7459,1937-4194,"COMPUTER SCIENCE, SOFTWARE ENGINEERING - SCIE","3,565",3,Q2,0.91,2.16%
Tomography,TOMOGRAPHY,2379-1381,2379-139X,"RADIOLOGY, NUCLEAR MEDICINE & MEDICAL IMAGING - SCIE",737,3,Q3,0.82,98.77%
NEURORADIOLOGY,NEURORADIOLOGY,0028-3940,1432-1920,"RADIOLOGY, NUCLEAR MEDICINE & MEDICAL IMAGING - SCIE","7,350",2.995,Q3,0.66,20.45%
Journal of Bionic Engineering,J BIONIC ENG,1672-6529,2543-2141,ROBOTICS - SCIE,"2,611",2.995,Q3,0.71,15.21%
Bioinspiration & Biomimetics,BIOINSPIR BIOMIM,1748-3182,1748-3190,ROBOTICS - SCIE,"4,179",2.985,Q3,0.76,11.02%
MACHINE VISION AND APPLICATIONS,MACH VISION APPL,0932-8092,1432-1769,"COMPUTER SCIENCE, ARTIFICIAL INTELLIGENCE - SCIE; COMPUTER SCIENCE, CYBERNETICS - SCIE","2,529",2.983,Q3,0.52,10.04%
IEEE TRANSACTIONS ON INFORMATION THEORY,IEEE T INFORM THEORY,0018-9448,1557-9654,"COMPUTER SCIENCE, INFORMATION SYSTEMS - SCIE","39,799",2.978,Q3,0.89,20.16%
INTERNATIONAL JOURNAL OF CONTROL AUTOMATION AND SYSTEMS,INT J CONTROL AUTOM,1598-6446,2005-4092,AUTOMATION & CONTROL SYSTEMS - SCIE,"5,366",2.964,Q2,0.62,0%
COMPUTATIONAL GEOSCIENCES,COMPUTAT GEOSCI,1420-0597,1573-1499,"COMPUTER SCIENCE, INTERDISCIPLINARY APPLICATIONS - SCIE","3,428",2.948,Q3,0.85,23.99%
NUCLEAR MEDICINE AND BIOLOGY,NUCL MED BIOL,0969-8051,1872-9614,"RADIOLOGY, NUCLEAR MEDICINE & MEDICAL IMAGING - SCIE","4,144",2.947,Q3,0.7,13.47%
JOURNAL OF MOLECULAR GRAPHICS & MODELLING,J MOL GRAPH MODEL,1093-3263,1873-4243,"COMPUTER SCIENCE, INTERDISCIPLINARY APPLICATIONS - SCIE; MATHEMATICAL & COMPUTATIONAL BIOLOGY - SCIE","11,586",2.942,Q2,0.78,1.81%
Health Informatics Journal,HEALTH INFORM J,1460-4582,1741-2811,MEDICAL INFORMATICS - SCIE,"2,019",2.934,Q3,0.83,58.73%
HEALTH PHYSICS,HEALTH PHYS,0017-9078,1538-5159,"RADIOLOGY, NUCLEAR MEDICINE & MEDICAL IMAGING - SCIE","5,525",2.922,Q3,0.69,8.65%
ONLINE INFORMATION REVIEW,ONLINE INFORM REV,1468-4527,1468-4535,"COMPUTER SCIENCE, INFORMATION SYSTEMS - SCIE; INFORMATION SCIENCE & LIBRARY SCIENCE - SSCI","2,629",2.901,Q2,0.74,1.09%
JOURNAL OF VISUAL COMMUNICATION AND IMAGE REPRESENTATION,J VIS COMMUN IMAGE R,1047-3203,1095-9076,"COMPUTER SCIENCE, INFORMATION SYSTEMS - SCIE; COMPUTER SCIENCE, SOFTWARE ENGINEERING - SCIE","5,233",2.887,Q2,0.87,0.68%
Abdominal Radiology,ABDOM RADIOL,2366-004X,2366-0058,"RADIOLOGY, NUCLEAR MEDICINE & MEDICAL IMAGING - SCIE","5,822",2.886,Q3,0.74,7.24%
SoftwareX,SOFTWAREX,2352-7110,2352-7110,"COMPUTER SCIENCE, SOFTWARE ENGINEERING - SCIE","3,576",2.868,Q2,0.91,99.54%
NEUROINFORMATICS,NEUROINFORMATICS,1539-2791,1559-0089,"COMPUTER SCIENCE, INTERDISCIPLINARY APPLICATIONS - SCIE","2,155",2.864,Q3,0.79,35.67%
Digital Investigation,DIGIT INVEST,1742-2876,1873-202X,"COMPUTER SCIENCE, INFORMATION SYSTEMS - SCIE; COMPUTER SCIENCE, INTERDISCIPLINARY APPLICATIONS - SCIE","1,468",2.86,Q3,0.63,37.21%
ACM Transactions on Reconfigurable Technology and Systems,ACM T RECONFIG TECHN,1936-7406,1936-7414,"COMPUTER SCIENCE, HARDWARE & ARCHITECTURE - SCIE",479,2.837,Q2,0.83,0%
VISUAL COMPUTER,VISUAL COMPUT,0178-2789,1432-2315,"COMPUTER SCIENCE, SOFTWARE ENGINEERING - SCIE","3,446",2.835,Q2,0.95,7.98%
IEEE MICRO,IEEE MICRO,0272-1732,1937-4143,"COMPUTER SCIENCE, HARDWARE & ARCHITECTURE - SCIE; COMPUTER SCIENCE, SOFTWARE ENGINEERING - SCIE","2,167",2.821,Q2,1.42,8.38%
INTERNATIONAL JOURNAL OF HIGH PERFORMANCE COMPUTING APPLICATIONS,INT J HIGH PERFORM C,1094-3420,1741-2846,"COMPUTER SCIENCE, HARDWARE & ARCHITECTURE - SCIE; COMPUTER SCIENCE, INTERDISCIPLINARY APPLICATIONS - SCIE; COMPUTER SCIENCE, THEORY & METHODS - SCIE","1,266",2.82,Q2,0.49,10.24%
EXPERT SYSTEMS,EXPERT SYST,0266-4720,1468-0394,"COMPUTER SCIENCE, ARTIFICIAL INTELLIGENCE - SCIE; COMPUTER SCIENCE, THEORY & METHODS - SCIE","1,833",2.812,Q2,0.65,4.07%
Computational and Mathematical Methods in Medicine,COMPUT MATH METHOD M,1748-670X,1748-6718,MATHEMATICAL & COMPUTATIONAL BIOLOGY - SCIE,"4,464",2.809,Q2,0.61,98.46%
RESEARCH EVALUATION,RES EVALUAT,0958-2029,1471-5449,INFORMATION SCIENCE & LIBRARY SCIENCE - SSCI,"1,770",2.8,Q2,0.99,31.90%
Computer Supported Cooperative Work-The Journal of Collaborative Computing and Work Practices,COMPUT SUPP COOP W J,0925-9724,1573-7551,"COMPUTER SCIENCE, INTERDISCIPLINARY APPLICATIONS - SCIE","1,000",2.8,Q3,0.48,41.56%
CARDIOVASCULAR AND INTERVENTIONAL RADIOLOGY,CARDIOVASC INTER RAD,0174-1551,1432-086X,"RADIOLOGY, NUCLEAR MEDICINE & MEDICAL IMAGING - SCIE","7,948",2.797,Q3,0.64,18.99%
BMC MEDICAL IMAGING,BMC MED IMAGING,1471-2342,1471-2342,"RADIOLOGY, NUCLEAR MEDICINE & MEDICAL IMAGING - SCIE","2,180",2.795,Q3,0.6,99.76%
Astronomy and Computing,ASTRON COMPUT,2213-1337,2213-1345,"COMPUTER SCIENCE, INTERDISCIPLINARY APPLICATIONS - SCIE","1,000",2.78,Q3,0.49,8.21%
APPLIED ARTIFICIAL INTELLIGENCE,APPL ARTIF INTELL,0883-9514,1087-6545,"COMPUTER SCIENCE, ARTIFICIAL INTELLIGENCE - SCIE","1,399",2.777,Q3,0.42,18.53%
IEEE TRANSACTIONS ON VERY LARGE SCALE INTEGRATION (VLSI) SYSTEMS,IEEE T VLSI SYST,1063-8210,1557-9999,"COMPUTER SCIENCE, HARDWARE & ARCHITECTURE - SCIE","6,942",2.775,Q3,0.72,9.64%
GEOINFORMATICA,GEOINFORMATICA,1384-6175,1573-7624,"COMPUTER SCIENCE, INFORMATION SYSTEMS - SCIE",887,2.773,Q3,0.71,8.18%
Journal of Web Semantics,J WEB SEMANT,1570-8268,1873-7749,"COMPUTER SCIENCE, ARTIFICIAL INTELLIGENCE - SCIE; COMPUTER SCIENCE, INFORMATION SYSTEMS - SCIE; COMPUTER SCIENCE, SOFTWARE ENGINEERING - SCIE","1,110",2.77,Q2,0.7,15.19%
Applied Clinical Informatics,APPL CLIN INFORM,1869-0327,1869-0327,MEDICAL INFORMATICS - SCIE,"1,840",2.762,Q3,0.62,12.03%
Magnetic Resonance in Medical Sciences,MAGN RESON MED SCI,1347-3182,1880-2206,"RADIOLOGY, NUCLEAR MEDICINE & MEDICAL IMAGING - SCIE","1,140",2.76,Q3,0.69,98.53%
Journal of Ambient Intelligence and Smart Environments,J AMB INTEL SMART EN,1876-1364,1876-1372,"COMPUTER SCIENCE, ARTIFICIAL INTELLIGENCE - SCIE; COMPUTER SCIENCE, INFORMATION SYSTEMS - SCIE",554,2.759,Q3,0.48,3.57%
JOURNAL OF ULTRASOUND IN MEDICINE,J ULTRAS MED,0278-4297,1550-9613,"RADIOLOGY, NUCLEAR MEDICINE & MEDICAL IMAGING - SCIE","10,109",2.754,Q3,0.65,4.85%
MEDICAL DECISION MAKING,MED DECIS MAKING,0272-989X,1552-681X,MEDICAL INFORMATICS - SCIE,"7,019",2.749,Q3,0.78,32.77%
JOURNAL OF HEALTH COMMUNICATION,J HEALTH COMMUN,1081-0730,1087-0415,INFORMATION SCIENCE & LIBRARY SCIENCE - SSCI,"6,901",2.742,Q2,0.98,4.96%
SYSTEMS & CONTROL LETTERS,SYST CONTROL LETT,0167-6911,1872-7956,AUTOMATION & CONTROL SYSTEMS - SCIE,"9,367",2.742,Q3,0.67,5.25%
Journal of Biological Dynamics,J BIOL DYNAM,1751-3758,1751-3766,MATHEMATICAL & COMPUTATIONAL BIOLOGY - SCIE,"1,134",2.726,Q2,0.62,100%
SPEECH COMMUNICATION,SPEECH COMMUN,0167-6393,1872-7182,"COMPUTER SCIENCE, INTERDISCIPLINARY APPLICATIONS - SCIE","4,123",2.723,Q3,0.58,13.94%
Artificial Intelligence and Law,ARTIF INTELL LAW,0924-8463,1572-8382,"COMPUTER SCIENCE, ARTIFICIAL INTELLIGENCE - SCIE; COMPUTER SCIENCE, INTERDISCIPLINARY APPLICATIONS - SCIE",591,2.723,Q3,1.76,33.80%
ACM Transactions on Privacy and Security,ACM T PRIV SECUR,2471-2566,2471-2574,"COMPUTER SCIENCE, INFORMATION SYSTEMS - SCIE",316,2.717,Q3,0.96,0%
IET Biometrics,IET BIOMETRICS,2047-4938,2047-4946,"COMPUTER SCIENCE, ARTIFICIAL INTELLIGENCE - SCIE",907,2.716,Q3,0.54,37.59%
LEARNED PUBLISHING,LEARN PUBL,0953-1513,1741-4857,INFORMATION SCIENCE & LIBRARY SCIENCE - SSCI,899,2.711,Q2,0.82,15.65%
Earth Science Informatics,EARTH SCI INFORM,1865-0473,1865-0481,"COMPUTER SCIENCE, INTERDISCIPLINARY APPLICATIONS - SCIE","1,240",2.705,Q3,0.57,6.35%
WIRELESS NETWORKS,WIREL NETW,1022-0038,1572-8196,"COMPUTER SCIENCE, INFORMATION SYSTEMS - SCIE","5,232",2.701,Q3,0.7,3.11%
Japanese Journal of Radiology,JPN J RADIOL,1867-1071,1867-108X,"RADIOLOGY, NUCLEAR MEDICINE & MEDICAL IMAGING - SCIE","1,964",2.701,Q3,0.65,16.71%
Electronics,ELECTRONICS-SWITZ,N/A,2079-9292,"COMPUTER SCIENCE, INFORMATION SYSTEMS - SCIE","14,393",2.69,Q3,0.61,96.07%
IEEE INTERNET COMPUTING,IEEE INTERNET COMPUT,1089-7801,1941-0131,"COMPUTER SCIENCE, SOFTWARE ENGINEERING - SCIE","2,328",2.68,Q2,0.93,3.20%
Journal of Artificial Intelligence and Soft Computing Research,J ARTIF INTELL SOFT,2083-2567,2449-6499,"COMPUTER SCIENCE, ARTIFICIAL INTELLIGENCE - SCIE",325,2.675,Q3,0.79,100%
IET Control Theory and Applications,IET CONTROL THEORY A,1751-8644,1751-8652,AUTOMATION & CONTROL SYSTEMS - SCIE,"9,146",2.67,Q3,0.77,19.58%
Frontiers of Computer Science,FRONT COMPUT SCI-CHI,2095-2228,2095-2236,"COMPUTER SCIENCE, INFORMATION SYSTEMS - SCIE; COMPUTER SCIENCE, SOFTWARE ENGINEERING - SCIE; COMPUTER SCIENCE, THEORY & METHODS - SCIE","1,525",2.669,Q2,0.7,0.39%
JOURNAL OF DATABASE MANAGEMENT,J DATABASE MANAGE,1063-8016,1533-8010,"COMPUTER SCIENCE, INFORMATION SYSTEMS - SCIE; COMPUTER SCIENCE, SOFTWARE ENGINEERING - SCIE",350,2.656,Q2,0.46,0%
EUROPEAN JOURNAL OF CONTROL,EUR J CONTROL,0947-3580,1435-5671,AUTOMATION & CONTROL SYSTEMS - SCIE,"2,024",2.649,Q3,0.57,4.86%
INTERNATIONAL JOURNAL OF SYSTEMS SCIENCE,INT J SYST SCI,0020-7721,1464-5319,"AUTOMATION & CONTROL SYSTEMS - SCIE; COMPUTER SCIENCE, THEORY & METHODS - SCIE","6,507",2.648,Q2,0.59,2.05%
International Journal for Numerical Methods in Biomedical Engineering,INT J NUMER METH BIO,2040-7939,2040-7947,MATHEMATICAL & COMPUTATIONAL BIOLOGY - SCIE,"2,559",2.648,Q2,0.7,15.14%
International Journal of Computers Communications & Control,INT J COMPUT COMMUN,1841-9836,1841-9844,"AUTOMATION & CONTROL SYSTEMS - SCIE; COMPUTER SCIENCE, INFORMATION SYSTEMS - SCIE","1,297",2.635,Q3,0.64,92.57%
MATCH-COMMUNICATIONS IN MATHEMATICAL AND IN COMPUTER CHEMISTRY,MATCH-COMMUN MATH CO,0340-6253,N/A,"COMPUTER SCIENCE, INTERDISCIPLINARY APPLICATIONS - SCIE","2,979",2.633,Q3,0.59,0%
Universal Access in the Information Society,UNIVERSAL ACCESS INF,1615-5289,1615-5297,"COMPUTER SCIENCE, CYBERNETICS - SCIE","1,490",2.629,Q3,0.6,14.94%
NEUROIMAGING CLINICS OF NORTH AMERICA,NEUROIMAG CLIN N AM,1052-5149,1557-9867,"RADIOLOGY, NUCLEAR MEDICINE & MEDICAL IMAGING - SCIE","1,810",2.624,Q3,0.58,4.86%
Dose-Response,DOSE-RESPONSE,1559-3258,1559-3258,"RADIOLOGY, NUCLEAR MEDICINE & MEDICAL IMAGING - SCIE","2,282",2.623,Q3,0.56,97.88%
IBM JOURNAL OF RESEARCH AND DEVELOPMENT,IBM J RES DEV,0018-8646,2151-8556,"COMPUTER SCIENCE, HARDWARE & ARCHITECTURE - SCIE; COMPUTER SCIENCE, INFORMATION SYSTEMS - SCIE; COMPUTER SCIENCE, SOFTWARE ENGINEERING - SCIE; COMPUTER SCIENCE, THEORY & METHODS - SCIE","3,625",2.605,Q2,0.65,0%
MULTIMEDIA SYSTEMS,MULTIMEDIA SYST,0942-4962,1432-1882,"COMPUTER SCIENCE, INFORMATION SYSTEMS - SCIE; COMPUTER SCIENCE, THEORY & METHODS - SCIE","1,185",2.603,Q2,0.62,2.13%
IT Professional,IT PROF,1520-9202,1941-045X,"COMPUTER SCIENCE, INFORMATION SYSTEMS - SCIE; COMPUTER SCIENCE, SOFTWARE ENGINEERING - SCIE","1,380",2.59,Q2,0.57,0%
MULTIMEDIA TOOLS AND APPLICATIONS,MULTIMED TOOLS APPL,1380-7501,1573-7721,"COMPUTER SCIENCE, INFORMATION SYSTEMS - SCIE; COMPUTER SCIENCE, SOFTWARE ENGINEERING - SCIE; COMPUTER SCIENCE, THEORY & METHODS - SCIE","20,521",2.577,Q2,0.76,3.95%
Journal of Mechanisms and Robotics-Transactions of the ASME,J MECH ROBOT,1942-4302,1942-4310,ROBOTICS - SCIE,"2,661",2.576,Q3,0.68,0.27%
NEURAL PROCESSING LETTERS,NEURAL PROCESS LETT,1370-4621,1573-773X,"COMPUTER SCIENCE, ARTIFICIAL INTELLIGENCE - SCIE","4,028",2.565,Q3,0.5,2.56%
IEEE TRANSACTIONS ON COMPUTER-AIDED DESIGN OF INTEGRATED CIRCUITS AND SYSTEMS,IEEE T COMPUT AID D,0278-0070,1937-4151,"COMPUTER SCIENCE, HARDWARE & ARCHITECTURE - SCIE; COMPUTER SCIENCE, INTERDISCIPLINARY APPLICATIONS - SCIE","7,188",2.565,Q3,0.72,8.63%
ACM Transactions on Sensor Networks,ACM T SENSOR NETWORK,1550-4859,1550-4867,"COMPUTER SCIENCE, INFORMATION SYSTEMS - SCIE","1,400",2.56,Q3,0.71,0%
JOURNAL OF SUPERCOMPUTING,J SUPERCOMPUT,0920-8542,1573-0484,"COMPUTER SCIENCE, HARDWARE & ARCHITECTURE - SCIE; COMPUTER SCIENCE, THEORY & METHODS - SCIE","6,307",2.557,Q2,0.77,4%
International Journal of Multimedia Information Retrieval,INT J MULTIMED INF R,2192-6611,2192-662X,"COMPUTER SCIENCE, ARTIFICIAL INTELLIGENCE - SCIE; COMPUTER SCIENCE, SOFTWARE ENGINEERING - SCIE",398,2.553,Q2,0.75,14.04%
Frontiers of Information Technology & Electronic Engineering,FRONT INFORM TECH EL,2095-9184,2095-9230,"COMPUTER SCIENCE, INFORMATION SYSTEMS - SCIE; COMPUTER SCIENCE, SOFTWARE ENGINEERING - SCIE","1,722",2.545,Q2,0.56,0.52%
Journal of Simulation,J SIMUL,1747-7778,1747-7786,"COMPUTER SCIENCE, INTERDISCIPLINARY APPLICATIONS - SCIE",757,2.543,Q3,0.53,8.33%
MAGNETIC RESONANCE MATERIALS IN PHYSICS BIOLOGY AND MEDICINE,MAGN RESON MATER PHY,0968-5243,1352-8661,"RADIOLOGY, NUCLEAR MEDICINE & MEDICAL IMAGING - SCIE","1,998",2.533,Q3,0.63,40.16%
KNOWLEDGE AND INFORMATION SYSTEMS,KNOWL INF SYST,0219-1377,0219-3116,"COMPUTER SCIENCE, ARTIFICIAL INTELLIGENCE - SCIE; COMPUTER SCIENCE, INFORMATION SYSTEMS - SCIE","4,789",2.531,Q3,0.62,8.63%
AI MAGAZINE,AI MAG,0738-4602,2371-9621,"COMPUTER SCIENCE, ARTIFICIAL INTELLIGENCE - SCIE","2,474",2.524,Q3,0.31,0%
Genetic Programming and Evolvable Machines,GENET PROGRAM EVOL M,1389-2576,1573-7632,"COMPUTER SCIENCE, ARTIFICIAL INTELLIGENCE - SCIE; COMPUTER SCIENCE, THEORY & METHODS - SCIE",515,2.522,Q2,0.55,27.54%
INFORMATION SOCIETY,INFORM SOC,0197-2243,1087-6537,INFORMATION SCIENCE & LIBRARY SCIENCE - SSCI,"1,773",2.522,Q2,1.22,23.81%
Clinical and Translational Imaging,CLIN TRANSL IMAGING,2281-5872,2281-7565,"RADIOLOGY, NUCLEAR MEDICINE & MEDICAL IMAGING - SCIE",787,2.507,Q3,0.42,23.81%
JOURNAL OF INTELLIGENT INFORMATION SYSTEMS,J INTELL INF SYST,0925-9902,1573-7675,"COMPUTER SCIENCE, ARTIFICIAL INTELLIGENCE - SCIE; COMPUTER SCIENCE, INFORMATION SYSTEMS - SCIE","1,373",2.504,Q3,0.56,17.88%
JOURNAL OF CHEMOMETRICS,J CHEMOMETR,0886-9383,1099-128X,"AUTOMATION & CONTROL SYSTEMS - SCIE; COMPUTER SCIENCE, ARTIFICIAL INTELLIGENCE - SCIE","4,544",2.5,Q3,0.65,11.91%
STATISTICS IN MEDICINE,STAT MED,0277-6715,1097-0258,MATHEMATICAL & COMPUTATIONAL BIOLOGY - SCIE; MEDICAL INFORMATICS - SCIE,"34,647",2.497,Q3,0.64,15.99%
STATISTICAL METHODS IN MEDICAL RESEARCH,STAT METHODS MED RES,0962-2802,1477-0334,MATHEMATICAL & COMPUTATIONAL BIOLOGY - SCIE; MEDICAL INFORMATICS - SCIE,"7,405",2.494,Q3,0.9,15.68%
AUTONOMOUS AGENTS AND MULTI-AGENT SYSTEMS,AUTON AGENT MULTI-AG,1387-2532,1573-7454,"AUTOMATION & CONTROL SYSTEMS - SCIE; COMPUTER SCIENCE, ARTIFICIAL INTELLIGENCE - SCIE","1,157",2.475,Q3,0.4,29.03%
Intelligent Service Robotics,INTEL SERV ROBOT,1861-2776,1861-2784,ROBOTICS - SCIE,682,2.468,Q3,0.63,7.58%
ACM TRANSACTIONS ON MATHEMATICAL SOFTWARE,ACM T MATH SOFTWARE,0098-3500,1557-7295,"COMPUTER SCIENCE, SOFTWARE ENGINEERING - SCIE","4,865",2.464,Q2,0.9,0.82%
JOURNAL OF INFORMATION SCIENCE,J INF SCI,0165-5515,1741-6485,"COMPUTER SCIENCE, INFORMATION SYSTEMS - SCIE; INFORMATION SCIENCE & LIBRARY SCIENCE - SSCI","2,900",2.462,Q3,0.81,6.48%
ASIAN JOURNAL OF CONTROL,ASIAN J CONTROL,1561-8625,1934-6093,AUTOMATION & CONTROL SYSTEMS - SCIE,"4,146",2.444,Q3,0.55,1.13%
Brachytherapy,BRACHYTHERAPY,1538-4721,1873-1449,"RADIOLOGY, NUCLEAR MEDICINE & MEDICAL IMAGING - SCIE","2,827",2.441,Q3,0.54,4.02%
JOURNAL OF RADIATION RESEARCH,J RADIAT RES,0449-3060,1349-9157,"RADIOLOGY, NUCLEAR MEDICINE & MEDICAL IMAGING - SCIE","3,910",2.438,Q3,0.58,98.91%
INTERNATIONAL JOURNAL OF GENERAL SYSTEMS,INT J GEN SYST,0308-1079,1563-5104,"COMPUTER SCIENCE, THEORY & METHODS - SCIE","1,802",2.435,Q2,0.64,1.57%
International Journal of Information Security,INT J INF SECUR,1615-5262,1615-5270,"COMPUTER SCIENCE, INFORMATION SYSTEMS - SCIE; COMPUTER SCIENCE, SOFTWARE ENGINEERING - SCIE; COMPUTER SCIENCE, THEORY & METHODS - SCIE","1,028",2.427,Q2,0.66,17.86%
Clinical Imaging,CLIN IMAG,0899-7071,1873-4499,"RADIOLOGY, NUCLEAR MEDICINE & MEDICAL IMAGING - SCIE","4,141",2.42,Q3,0.54,1.97%
COMPUTING,COMPUTING,0010-485X,1436-5057,"COMPUTER SCIENCE, THEORY & METHODS - SCIE","2,753",2.42,Q2,0.71,11.05%
PeerJ Computer Science,PEERJ COMPUT SCI,N/A,2376-5992,"COMPUTER SCIENCE, ARTIFICIAL INTELLIGENCE - SCIE; COMPUTER SCIENCE, INFORMATION SYSTEMS - SCIE; COMPUTER SCIENCE, THEORY & METHODS - SCIE","1,951",2.411,Q2,0.54,98.74%
Journal of Mathematical Neuroscience,J MATH NEUROSCI,2190-8567,2190-8567,MATHEMATICAL & COMPUTATIONAL BIOLOGY - SCIE,323,2.407,Q3,0.5,100%
ROBOTICA,ROBOTICA,0263-5747,1469-8668,ROBOTICS - SCIE,"2,963",2.406,Q4,0.64,3.61%
INTERNATIONAL JOURNAL OF TECHNOLOGY ASSESSMENT IN HEALTH CARE,INT J TECHNOL ASSESS,0266-4623,1471-6348,MEDICAL INFORMATICS - SCIE,"2,701",2.406,Q4,0.48,25.50%
JOURNAL OF THEORETICAL BIOLOGY,J THEOR BIOL,0022-5193,1095-8541,MATHEMATICAL & COMPUTATIONAL BIOLOGY - SCIE,"23,617",2.405,Q3,0.73,12.79%
Journal of Innovative Optical Health Sciences,J INNOV OPT HEAL SCI,1793-5458,1793-7205,"RADIOLOGY, NUCLEAR MEDICINE & MEDICAL IMAGING - SCIE",837,2.396,Q3,0.48,99.39%
ASSEMBLY AUTOMATION,ASSEMBLY AUTOM,0144-5154,1758-4078,AUTOMATION & CONTROL SYSTEMS - SCIE,"1,448",2.373,Q3,0.42,0.43%
COMPUTER GRAPHICS FORUM,COMPUT GRAPH FORUM,0167-7055,1467-8659,"COMPUTER SCIENCE, SOFTWARE ENGINEERING - SCIE","8,716",2.363,Q2,0.8,13.22%
KYBERNETES,KYBERNETES,0368-492X,1758-7883,"COMPUTER SCIENCE, CYBERNETICS - SCIE","2,420",2.352,Q3,0.35,2.09%
Evolving Systems,EVOL SYST-GER,1868-6478,1868-6486,"COMPUTER SCIENCE, ARTIFICIAL INTELLIGENCE - SCIE",683,2.347,Q3,0.53,3.13%
GENETIC EPIDEMIOLOGY,GENET EPIDEMIOL,0741-0395,1098-2272,MATHEMATICAL & COMPUTATIONAL BIOLOGY - SCIE,"3,514",2.344,Q3,0.57,17.77%
JOURNAL OF EVALUATION IN CLINICAL PRACTICE,J EVAL CLIN PRACT,1356-1294,1365-2753,MEDICAL INFORMATICS - SCIE,"5,831",2.336,Q4,0.6,12.85%
JOURNAL OF NEUROIMAGING,J NEUROIMAGING,1051-2284,1552-6569,"RADIOLOGY, NUCLEAR MEDICINE & MEDICAL IMAGING - SCIE","3,013",2.324,Q3,0.59,12.03%
STATISTICS AND COMPUTING,STAT COMPUT,0960-3174,1573-1375,"COMPUTER SCIENCE, THEORY & METHODS - SCIE","6,862",2.324,Q2,0.92,36.43%
JOURNAL OF THE MEDICAL LIBRARY ASSOCIATION,J MED LIBR ASSOC,1536-5050,N/A,INFORMATION SCIENCE & LIBRARY SCIENCE - SSCI,"2,232",2.323,Q3,0.71,99.05%
INTERNATIONAL JOURNAL OF CARDIOVASCULAR IMAGING,INT J CARDIOVAS IMAG,1569-5794,1573-0743,"RADIOLOGY, NUCLEAR MEDICINE & MEDICAL IMAGING - SCIE","4,746",2.316,Q3,0.54,20.07%
Information Technology & Management,INFORM TECHNOL MANAG,1385-951X,1573-7667,INFORMATION SCIENCE & LIBRARY SCIENCE - SSCI,877,2.31,Q3,0.57,8.33%
PATTERN ANALYSIS AND APPLICATIONS,PATTERN ANAL APPL,1433-7541,1433-755X,"COMPUTER SCIENCE, ARTIFICIAL INTELLIGENCE - SCIE","2,099",2.307,Q3,0.49,6.94%
Cluster Computing-The Journal of Networks Software Tools and Applications,CLUSTER COMPUT,1386-7857,1573-7543,"COMPUTER SCIENCE, INFORMATION SYSTEMS - SCIE; COMPUTER SCIENCE, THEORY & METHODS - SCIE","6,221",2.303,Q2,0.69,1.86%
JOURNAL OF COMPUTING AND INFORMATION SCIENCE IN ENGINEERING,J COMPUT INF SCI ENG,1530-9827,1944-7078,"COMPUTER SCIENCE, INTERDISCIPLINARY APPLICATIONS - SCIE","1,148",2.3,Q3,0.43,0%
Traitement du Signal,TRAIT SIGNAL,0765-0019,1958-5608,"COMPUTER SCIENCE, ARTIFICIAL INTELLIGENCE - SCIE",564,2.299,Q3,0.45,1.02%
JOURNAL OF EXPERIMENTAL & THEORETICAL ARTIFICIAL INTELLIGENCE,J EXP THEOR ARTIF IN,0952-813X,1362-3079,"COMPUTER SCIENCE, ARTIFICIAL INTELLIGENCE - SCIE","1,240",2.296,Q3,0.38,0.94%
ROFO-FORTSCHRITTE AUF DEM GEBIET DER RONTGENSTRAHLEN UND DER BILDGEBENDEN VERFAHREN,ROFO-FORTSCHR RONTG,1438-9029,1438-9010,"RADIOLOGY, NUCLEAR MEDICINE & MEDICAL IMAGING - SCIE","1,930",2.295,Q3,0.45,1.80%
Journal of Real-Time Image Processing,J REAL-TIME IMAGE PR,1861-8200,1861-8219,"COMPUTER SCIENCE, ARTIFICIAL INTELLIGENCE - SCIE","1,643",2.293,Q3,0.57,7.43%
REQUIREMENTS ENGINEERING,REQUIR ENG,0947-3602,1432-010X,"COMPUTER SCIENCE, INFORMATION SYSTEMS - SCIE; COMPUTER SCIENCE, SOFTWARE ENGINEERING - SCIE",829,2.275,Q2,0.9,26.03%
JOURNAL OF THE ACM,J ACM,0004-5411,1557-735X,"COMPUTER SCIENCE, HARDWARE & ARCHITECTURE - SCIE; COMPUTER SCIENCE, INFORMATION SYSTEMS - SCIE; COMPUTER SCIENCE, SOFTWARE ENGINEERING - SCIE; COMPUTER SCIENCE, THEORY & METHODS - SCIE","7,894",2.269,Q2,0.74,0%
JOURNAL OF AGRICULTURAL BIOLOGICAL AND ENVIRONMENTAL STATISTICS,J AGR BIOL ENVIR ST,1085-7117,1537-2693,MATHEMATICAL & COMPUTATIONAL BIOLOGY - SCIE,"1,532",2.267,Q3,0.6,25.44%
International Journal of Computational Intelligence Systems,INT J COMPUT INT SYS,1875-6891,1875-6883,"COMPUTER SCIENCE, ARTIFICIAL INTELLIGENCE - SCIE; COMPUTER SCIENCE, INTERDISCIPLINARY APPLICATIONS - SCIE","2,213",2.259,Q3,0.43,89.39%
ANNALS OF NUCLEAR MEDICINE,ANN NUCL MED,0914-7187,1864-6433,"RADIOLOGY, NUCLEAR MEDICINE & MEDICAL IMAGING - SCIE","2,933",2.258,Q3,0.64,14.93%
COMPUTER,COMPUTER,0018-9162,1558-0814,"COMPUTER SCIENCE, HARDWARE & ARCHITECTURE - SCIE; COMPUTER SCIENCE, SOFTWARE ENGINEERING - SCIE","8,608",2.256,Q3,0.71,5.70%
JOURNAL OF HEURISTICS,J HEURISTICS,1381-1231,1572-9397,"COMPUTER SCIENCE, ARTIFICIAL INTELLIGENCE - SCIE; COMPUTER SCIENCE, THEORY & METHODS - SCIE","1,519",2.247,Q2,0.58,12.62%
Journal of Applied Clinical Medical Physics,J APPL CLIN MED PHYS,1526-9914,1526-9914,"RADIOLOGY, NUCLEAR MEDICINE & MEDICAL IMAGING - SCIE","4,633",2.243,Q3,0.55,88.93%
JOURNAL OF ORGANIZATIONAL COMPUTING AND ELECTRONIC COMMERCE,J ORG COMP ELECT COM,1091-9392,1532-7744,"COMPUTER SCIENCE, INFORMATION SYSTEMS - SCIE; COMPUTER SCIENCE, INTERDISCIPLINARY APPLICATIONS - SCIE",654,2.237,Q3,0.56,4.08%
IEEE Design & Test,IEEE DES TEST,2168-2356,2168-2364,"COMPUTER SCIENCE, HARDWARE & ARCHITECTURE - SCIE","1,455",2.223,Q3,0.54,10.32%
NUKLEARMEDIZIN-NUCLEAR MEDICINE,NUKLEARMED-NUCL MED,0029-5566,2567-6407,"RADIOLOGY, NUCLEAR MEDICINE & MEDICAL IMAGING - SCIE",702,2.221,Q3,0.37,0.93%
Software and Systems Modeling,SOFTW SYST MODEL,1619-1366,1619-1374,"COMPUTER SCIENCE, SOFTWARE ENGINEERING - SCIE","1,385",2.211,Q3,0.86,36.04%
PERFORMANCE EVALUATION,PERFORM EVALUATION,0166-5316,1872-745X,"COMPUTER SCIENCE, HARDWARE & ARCHITECTURE - SCIE; COMPUTER SCIENCE, THEORY & METHODS - SCIE","1,683",2.205,Q2,0.37,11.81%
Journal of Network and Systems Management,J NETW SYST MANAG,1064-7570,1573-7705,"COMPUTER SCIENCE, INFORMATION SYSTEMS - SCIE",674,2.198,Q3,0.58,9.52%
Mathematical Biosciences and Engineering,MATH BIOSCI ENG,1547-1063,1551-0018,MATHEMATICAL & COMPUTATIONAL BIOLOGY - SCIE,"3,705",2.194,Q3,0.64,98.05%
Information Visualization,INFORM VISUAL,1473-8716,1473-8724,"COMPUTER SCIENCE, SOFTWARE ENGINEERING - SCIE",768,2.174,Q3,0.66,11.59%
JOURNAL OF MOLECULAR MODELING,J MOL MODEL,1610-2940,0948-5023,"COMPUTER SCIENCE, INTERDISCIPLINARY APPLICATIONS - SCIE","7,926",2.172,Q3,0.39,5.05%
JOURNAL OF MATHEMATICAL BIOLOGY,J MATH BIOL,0303-6812,1432-1416,MATHEMATICAL & COMPUTATIONAL BIOLOGY - SCIE,"6,843",2.164,Q3,0.61,25.67%
SIAM JOURNAL ON CONTROL AND OPTIMIZATION,SIAM J CONTROL OPTIM,0363-0129,1095-7138,AUTOMATION & CONTROL SYSTEMS - SCIE,"10,431",2.163,Q3,0.83,0.40%
International Journal of Applied Mathematics and Computer Science,INT J AP MAT COM-POL,1641-876X,2083-8492,"AUTOMATION & CONTROL SYSTEMS - SCIE; COMPUTER SCIENCE, ARTIFICIAL INTELLIGENCE - SCIE","1,365",2.157,Q3,0.53,35.76%
COMPUTING IN SCIENCE & ENGINEERING,COMPUT SCI ENG,1521-9615,1558-366X,"COMPUTER SCIENCE, INTERDISCIPLINARY APPLICATIONS - SCIE","7,394",2.152,Q3,0.4,5.88%
CIN-COMPUTERS INFORMATICS NURSING,CIN-COMPUT INFORM NU,1538-2931,1538-9774,"COMPUTER SCIENCE, INTERDISCIPLINARY APPLICATIONS - SCIE; MEDICAL INFORMATICS - SCIE","1,586",2.146,Q3,0.62,4.58%
WIRELESS COMMUNICATIONS & MOBILE COMPUTING,WIREL COMMUN MOB COM,1530-8669,1530-8677,"COMPUTER SCIENCE, INFORMATION SYSTEMS - SCIE","5,358",2.146,Q3,0.42,98.76%
TRANSACTIONS OF THE INSTITUTE OF MEASUREMENT AND CONTROL,T I MEAS CONTROL,0142-3312,1477-0369,AUTOMATION & CONTROL SYSTEMS - SCIE,"3,520",2.146,Q3,0.45,0.73%
COMPUTATIONAL INTELLIGENCE,COMPUT INTELL-US,0824-7935,1467-8640,"COMPUTER SCIENCE, ARTIFICIAL INTELLIGENCE - SCIE","1,419",2.142,Q3,0.38,3.25%
International Journal of Biomathematics,INT J BIOMATH,1793-5245,1793-7159,MATHEMATICAL & COMPUTATIONAL BIOLOGY - SCIE,"1,131",2.129,Q3,0.55,0%
SKELETAL RADIOLOGY,SKELETAL RADIOL,0364-2348,1432-2161,"RADIOLOGY, NUCLEAR MEDICINE & MEDICAL IMAGING - SCIE","7,845",2.128,Q3,0.64,10.73%
IEEE Computer Architecture Letters,IEEE COMPUT ARCHIT L,1556-6056,1556-6064,"COMPUTER SCIENCE, HARDWARE & ARCHITECTURE - SCIE",562,2.118,Q3,0.47,9.30%
CONCURRENT ENGINEERING-RESEARCH AND APPLICATIONS,CONCURRENT ENG-RES A,1063-293X,1531-2003,"COMPUTER SCIENCE, INTERDISCIPLINARY APPLICATIONS - SCIE",611,2.118,Q3,0.32,4.44%
COMPUTER APPLICATIONS IN ENGINEERING EDUCATION,COMPUT APPL ENG EDUC,1061-3773,1099-0542,"COMPUTER SCIENCE, INTERDISCIPLINARY APPLICATIONS - SCIE","1,621",2.109,Q4,0.64,3.97%
INTERNATIONAL JOURNAL OF CONTROL,INT J CONTROL,0020-7179,1366-5820,AUTOMATION & CONTROL SYSTEMS - SCIE,"10,199",2.102,Q3,0.57,2.72%
JOURNAL OF COMPUTER ASSISTED TOMOGRAPHY,J COMPUT ASSIST TOMO,0363-8715,1532-3145,"RADIOLOGY, NUCLEAR MEDICINE & MEDICAL IMAGING - SCIE","5,800",2.081,Q3,0.46,5.45%
Information Development,INFORM DEV,0266-6669,1741-6469,INFORMATION SCIENCE & LIBRARY SCIENCE - SSCI,"1,177",2.079,Q3,0.68,3.75%
Entertainment Computing,ENTERTAIN COMPUT,1875-9521,1875-953X,"COMPUTER SCIENCE, CYBERNETICS - SCIE; COMPUTER SCIENCE, INTERDISCIPLINARY APPLICATIONS - SCIE; COMPUTER SCIENCE, SOFTWARE ENGINEERING - SCIE",668,2.072,Q3,0.46,13.79%
ADVANCED ROBOTICS,ADV ROBOTICS,0169-1864,1568-5535,ROBOTICS - SCIE,"2,686",2.057,Q4,0.48,14.41%
ACM Journal on Computing and Cultural Heritage,ACM J COMPUT CULT HE,1556-4673,1556-4711,"COMPUTER SCIENCE, INTERDISCIPLINARY APPLICATIONS - SCIE",563,2.047,Q4,4.08,0%
COMPUTATIONAL STATISTICS & DATA ANALYSIS,COMPUT STAT DATA AN,0167-9473,1872-7352,"COMPUTER SCIENCE, INTERDISCIPLINARY APPLICATIONS - SCIE","11,584",2.035,Q4,0.67,6.12%
JOURNAL OF DOCUMENTATION,J DOC,0022-0418,1758-7379,INFORMATION SCIENCE & LIBRARY SCIENCE - SSCI,"2,752",2.034,Q3,0.54,7.82%
Evolutionary Bioinformatics,EVOL BIOINFORM,1176-9343,1176-9343,MATHEMATICAL & COMPUTATIONAL BIOLOGY - SCIE,"1,423",2.031,Q3,0.44,99.19%
MULTIDIMENSIONAL SYSTEMS AND SIGNAL PROCESSING,MULTIDIM SYST SIGN P,0923-6082,1573-0824,"COMPUTER SCIENCE, THEORY & METHODS - SCIE","1,115",2.03,Q2,0.54,2.71%
Information Retrieval Journal,INFORM RETRIEVAL J,1386-4564,1573-7659,"COMPUTER SCIENCE, INFORMATION SYSTEMS - SCIE","1,115",2.024,Q3,0.62,16.07%
RADIATION AND ENVIRONMENTAL BIOPHYSICS,RADIAT ENVIRON BIOPH,0301-634X,1432-2099,"RADIOLOGY, NUCLEAR MEDICINE & MEDICAL IMAGING - SCIE","1,843",2.017,Q4,0.43,28.65%
KNOWLEDGE ENGINEERING REVIEW,KNOWL ENG REV,0269-8889,1469-8005,"COMPUTER SCIENCE, ARTIFICIAL INTELLIGENCE - SCIE","1,145",2.016,Q3,0.13,6.67%
ACM Journal on Emerging Technologies in Computing Systems,ACM J EMERG TECH COM,1550-4832,1550-4840,"COMPUTER SCIENCE, HARDWARE & ARCHITECTURE - SCIE",797,2.013,Q3,0.4,0.73%
ULTRASONIC IMAGING,ULTRASONIC IMAGING,0161-7346,1096-0910,"RADIOLOGY, NUCLEAR MEDICINE & MEDICAL IMAGING - SCIE","1,092",2,Q4,0.5,4.55%
INTERNATIONAL JOURNAL OF RF AND MICROWAVE COMPUTER-AIDED ENGINEERING,INT J RF MICROW C E,1096-4290,1099-047X,"COMPUTER SCIENCE, INTERDISCIPLINARY APPLICATIONS - SCIE","3,507",1.987,Q4,0.38,0.61%
JOURNAL OF VISUALIZATION,J VISUAL-JAPAN,1343-8875,1875-8975,"COMPUTER SCIENCE, INTERDISCIPLINARY APPLICATIONS - SCIE","1,421",1.974,Q4,0.31,8.22%
Security and Communication Networks,SECUR COMMUN NETW,1939-0114,1939-0122,"COMPUTER SCIENCE, INFORMATION SYSTEMS - SCIE","3,840",1.968,Q3,0.45,98.78%
Current Radiopharmaceuticals,CURR RADIOPHARM,1874-4710,1874-4729,"RADIOLOGY, NUCLEAR MEDICINE & MEDICAL IMAGING - SCIE",634,1.96,Q4,0.64,1.15%
BIOSYSTEMS,BIOSYSTEMS,0303-2647,1872-8324,MATHEMATICAL & COMPUTATIONAL BIOLOGY - SCIE,"3,622",1.957,Q3,0.5,9.09%
OPTIMAL CONTROL APPLICATIONS & METHODS,OPTIM CONTR APPL MET,0143-2087,1099-1514,AUTOMATION & CONTROL SYSTEMS - SCIE,"1,978",1.955,Q3,0.64,3.32%
JOURNAL OF ACADEMIC LIBRARIANSHIP,J ACAD LIBR,0099-1333,1879-1999,INFORMATION SCIENCE & LIBRARY SCIENCE - SSCI,"1,978",1.953,Q3,0.55,8.22%
RADIOLOGIC CLINICS OF NORTH AMERICA,RADIOL CLIN N AM,0033-8389,1557-8275,"RADIOLOGY, NUCLEAR MEDICINE & MEDICAL IMAGING - SCIE","2,741",1.947,Q4,0.53,0%
SIAM Journal on Imaging Sciences,SIAM J IMAGING SCI,1936-4954,N/A,"COMPUTER SCIENCE, ARTIFICIAL INTELLIGENCE - SCIE; COMPUTER SCIENCE, SOFTWARE ENGINEERING - SCIE","4,235",1.938,Q3,0.81,2.87%
International Journal of Distributed Sensor Networks,INT J DISTRIB SENS N,1550-1477,1550-1477,"COMPUTER SCIENCE, INFORMATION SYSTEMS - SCIE","4,306",1.938,Q3,0.41,98.18%
DISTRIBUTED COMPUTING,DISTRIB COMPUT,0178-2770,1432-0452,"COMPUTER SCIENCE, THEORY & METHODS - SCIE",868,1.937,Q2,0.4,27.27%
ACM SIGCOMM Computer Communication Review,ACM SIGCOMM COMP COM,0146-4833,1943-5819,"COMPUTER SCIENCE, INFORMATION SYSTEMS - SCIE","7,821",1.937,Q4,0.44,0%
Aslib Journal of Information Management,ASLIB J INFORM MANAG,2050-3806,1758-3748,"COMPUTER SCIENCE, INFORMATION SYSTEMS - SCIE; INFORMATION SCIENCE & LIBRARY SCIENCE - SSCI",779,1.935,Q3,0.58,1.82%
International Journal of Network Management,INT J NETW MANAG,1055-7148,1099-1190,"COMPUTER SCIENCE, INFORMATION SYSTEMS - SCIE",411,1.914,Q4,0.44,7.50%
ACM Transactions on Autonomous and Adaptive Systems,ACM T AUTON ADAP SYS,1556-4665,1556-4703,"COMPUTER SCIENCE, ARTIFICIAL INTELLIGENCE - SCIE; COMPUTER SCIENCE, INFORMATION SYSTEMS - SCIE; COMPUTER SCIENCE, THEORY & METHODS - SCIE",419,1.913,Q3,0.48,0%
Journal of the Belgian Society of Radiology,J BELG SOC RADIOL,2514-8281,2514-8281,"RADIOLOGY, NUCLEAR MEDICINE & MEDICAL IMAGING - SCIE",282,1.912,Q4,0.21,97.92%
JOURNAL OF BIOLOGICAL SYSTEMS,J BIOL SYST,0218-3390,1793-6470,MATHEMATICAL & COMPUTATIONAL BIOLOGY - SCIE,612,1.909,Q3,0.44,2.15%
IEEE COMPUTER GRAPHICS AND APPLICATIONS,IEEE COMPUT GRAPH,0272-1716,1558-1756,"COMPUTER SCIENCE, SOFTWARE ENGINEERING - SCIE","3,017",1.909,Q3,0.69,4.79%
Computational and Mathematical Organization Theory,COMPUT MATH ORGAN TH,1381-298X,1572-9346,"COMPUTER SCIENCE, INTERDISCIPLINARY APPLICATIONS - SCIE",582,1.902,Q4,0.56,11.11%
ACM Transactions on Interactive Intelligent Systems,ACM T INTERACT INTEL,2160-6455,2160-6463,"COMPUTER SCIENCE, ARTIFICIAL INTELLIGENCE - SCIE","1,014",1.887,Q4,0.42,0%
ACM Transactions on Embedded Computing Systems,ACM T EMBED COMPUT S,1539-9087,1558-3465,"COMPUTER SCIENCE, HARDWARE & ARCHITECTURE - SCIE; COMPUTER SCIENCE, SOFTWARE ENGINEERING - SCIE","1,590",1.886,Q3,0.55,0%
Journal of Medical Ultrasonics,J MED ULTRASON,1346-4523,1613-2254,"RADIOLOGY, NUCLEAR MEDICINE & MEDICAL IMAGING - SCIE",876,1.878,Q4,0.39,7.14%
JOURNAL OF COMPUTER SCIENCE AND TECHNOLOGY,J COMPUT SCI TECH-CH,1000-9000,1860-4749,"COMPUTER SCIENCE, HARDWARE & ARCHITECTURE - SCIE; COMPUTER SCIENCE, SOFTWARE ENGINEERING - SCIE","1,406",1.871,Q3,0.48,0.39%
NETWORKS,NETWORKS,0028-3045,1097-0037,"COMPUTER SCIENCE, HARDWARE & ARCHITECTURE - SCIE","3,623",1.871,Q3,0.49,19.19%
ADAPTIVE BEHAVIOR,ADAPT BEHAV,1059-7123,1741-2633,"COMPUTER SCIENCE, ARTIFICIAL INTELLIGENCE - SCIE",853,1.867,Q4,0.63,16.44%
REAL-TIME SYSTEMS,REAL-TIME SYST,0922-6443,1573-1383,"COMPUTER SCIENCE, THEORY & METHODS - SCIE",734,1.865,Q3,0.5,12.96%
Journal of Software-Evolution and Process,J SOFTW-EVOL PROC,2047-7473,2047-7481,"COMPUTER SCIENCE, SOFTWARE ENGINEERING - SCIE",989,1.864,Q3,0.57,8.90%
Mobile Information Systems,MOB INF SYST,1574-017X,1875-905X,"COMPUTER SCIENCE, INFORMATION SYSTEMS - SCIE","1,592",1.863,Q4,0.43,98.86%
CYBERNETICS AND SYSTEMS,CYBERNET SYST,0196-9722,1087-6553,"COMPUTER SCIENCE, CYBERNETICS - SCIE",840,1.859,Q3,0.29,2.04%
BIT NUMERICAL MATHEMATICS,BIT,0006-3835,1572-9125,"COMPUTER SCIENCE, SOFTWARE ENGINEERING - SCIE","2,659",1.856,Q3,0.66,26.14%
DATA BASE FOR ADVANCES IN INFORMATION SYSTEMS,DATA BASE ADV INF SY,0095-0033,N/A,INFORMATION SCIENCE & LIBRARY SCIENCE - SSCI,846,1.854,Q3,0.49,0%
,,,,,,,,,
Copyright (c) 2023 Clarivate ,,,,,,,,,
By exporting the selected data; you agree to the data usage policy set forth in the Terms of Use ,,,,,,,,,